config_id,plant,NH4NO3_mg_L,KNO3_mg_L,CaCl2_2H2O_mg_L,MgSO4_7H2O_mg_L,KH2PO4_mg_L,luminosity_umol_m2_s,temp_C,humidity_%,stem,leaves,leafArea,branch,protein
1,poroto,2400,950,220,185,213,500,29.186682854387772,44.279649066467954,14.994713444406683,5.307796612364669,15.789916765014802,3.931023138886629,24.38160702772878
1,poroto,2400,950,220,185,213,350,27.67831956228781,64.34434493105041,12.883196609808166,4.840985331560959,21.29338558815495,6.102698525370915,25.208542625297362
1,poroto,2400,950,220,185,213,950,23.07740551220356,53.899689108673215,11.507267220085453,5.586349868943392,17.854730806870965,4.409900187481513,25.716467921787828
1,poroto,2400,950,220,185,213,350,25.81382465274956,42.840305953160765,12.717866118510758,5.966155131142509,19.009034212998174,5.83355693919136,24.852456459326586
1,poroto,2400,950,220,185,213,800,29.36342721828827,45.365250067299534,14.278648153467318,6.332177677205401,16.53388683136225,5.064695343719801,25.600088264366647
1,poroto,2400,950,220,185,213,350,27.175756125425572,58.231504719020045,15.375705909040562,6.2140823633512925,16.794668975459548,5.093524434137988,24.64564632086912
1,poroto,2400,950,220,185,213,800,26.64900719337813,75.38996334384342,14.387855157118029,5.694640359942175,19.758626290747685,5.026138214986875,25.04956874864835
1,poroto,2400,950,220,185,213,650,22.663444587189577,60.8616562812595,11.212005750399634,6.369903053968586,18.49167977755754,5.360272056371668,25.686766096820936
1,poroto,2400,950,220,185,213,500,25.16328909728424,65.83005033678867,14.523525741910555,5.464719001793694,12.417643912503028,5.162679496056244,25.111582771597305
1,poroto,2400,950,220,185,213,650,22.145382481090962,44.1485362081121,14.202948918981479,5.583712461365217,16.404940622131463,5.5041302251974615,23.108094740149895
2,poroto,1200,1400,330,277,128,350,24.15437995630881,60.04731749971529,11.182548049599271,6.306519126278642,21.140092248468022,2.9226476622444504,23.55928751347459
2,poroto,1200,1400,330,277,128,200,28.480181588610364,43.37379850314009,13.88653599027697,6.257363642636856,21.983817159997,3.5732156138675446,24.20765046574733
2,poroto,1200,1400,330,277,128,800,25.86917337755969,72.93544237138099,15.914512854331063,7.370098558232791,21.79471378871554,2.448052322481002,24.038244975149624
2,poroto,1200,1400,330,277,128,950,28.9128277620306,57.785253722332655,16.244617976067254,7.037482744396165,20.196849903501846,3.3209137839728102,22.47799304298752
2,poroto,1200,1400,330,277,128,800,23.88079114344065,41.97735465274504,13.20138207798222,4.955610894430407,19.102971913623048,4.743394713006155,25.562771253197198
2,poroto,1200,1400,330,277,128,200,27.851645048548633,62.19810606803366,16.11973344364961,6.165329476381085,19.456654017476485,2.286316360317208,24.934134530883593
2,poroto,1200,1400,330,277,128,650,24.542731449437404,49.88882083244874,12.896377225728349,6.379258370192212,15.742289568341787,3.33929748097749,25.528451644718107
2,poroto,1200,1400,330,277,128,800,27.122687636510026,60.982898894101794,12.945293076953417,5.486146554595774,18.16956242039015,5.862400100568826,24.797560086451096
2,poroto,1200,1400,330,277,128,950,25.050166579218814,57.79494686290903,15.12087585937633,7.322833086142198,18.69906299552723,3.661526341951279,25.62379690689025
2,poroto,1200,1400,330,277,128,950,27.269631160599246,48.372622474695795,13.124949117148553,4.727421989249622,20.257584644725814,8.514252660560105,24.476862966788303
3,poroto,2000,2350,330,185,170,350,21.577638463424368,62.548457811893705,9.311272495954986,4.513682552255218,21.18623544201619,4.555976644695439,24.651718035721213
3,poroto,2000,2350,330,185,170,500,23.90159421680033,55.160892335518895,10.890111423354277,6.529648270453981,17.312756808975433,7.301116973769268,24.92927421284668
3,poroto,2000,2350,330,185,170,950,22.91286798678501,56.592880589304784,15.486530628189108,5.399726312667269,18.283447168035888,2.8206339311381754,25.06083266272979
3,poroto,2000,2350,330,185,170,200,22.94783585955068,49.065248024782825,8.689879178532543,5.745800385314271,16.4566400490379,5.893722671933229,26.7580897123686
3,poroto,2000,2350,330,185,170,350,26.1272337079582,50.57482446065043,12.942121139259777,5.760557686172868,15.4708285146259,6.686514568075497,24.46777865963876
3,poroto,2000,2350,330,185,170,950,27.607542083731857,46.51933262992719,16.863271585953438,6.050208700446153,19.402062974872216,3.9795502204704265,23.890882662898314
3,poroto,2000,2350,330,185,170,950,28.62999621184945,64.93086001434946,15.870470586277824,6.063729195715164,15.581438626078292,6.183049951608382,25.55776267989692
3,poroto,2000,2350,330,185,170,350,28.597531532778845,76.22263390533918,14.181438590249037,6.437924935654146,20.988984272957985,5.945683641371945,23.491198594778343
3,poroto,2000,2350,330,185,170,950,23.317773061389666,72.04377574715048,15.199662577551509,6.085123903241905,23.32863854170438,3.696107498675958,24.281389965977624
3,poroto,2000,2350,330,185,170,500,21.671567989712894,61.65695224143708,7.830854175076642,4.519104506669886,17.448886663896523,3.907676247016896,25.39588345662296
4,poroto,800,2350,660,277,170,950,25.842501702751346,56.75356294241723,13.772643514574492,5.8859167651362085,16.142033539541377,4.76343953443535,26.28970770657396
4,poroto,800,2350,660,277,170,800,24.7195839833307,68.80313655588047,12.34783441466119,5.916648697946951,17.06563870319168,6.80228763335259,24.96041568308414
4,poroto,800,2350,660,277,170,500,20.002689357509933,54.30282306691238,13.319184886599956,6.115906241136597,18.122633738437752,6.2879919251183995,24.121295825477652
4,poroto,800,2350,660,277,170,800,22.3477281486069,44.731710936180285,16.054961641063535,6.2605179992894255,18.758541266315316,6.04671223322168,24.173991097206486
4,poroto,800,2350,660,277,170,800,20.775206645200917,56.33142286935826,14.985025996048027,6.291524628097478,17.539015000127712,5.674846595185337,25.02771970583601
4,poroto,800,2350,660,277,170,950,23.11016679458836,77.3523797159231,11.54932937525037,6.578397535633032,20.776603288147616,4.049346200256367,26.73060949066013
4,poroto,800,2350,660,277,170,950,26.26897005562374,67.45836951343718,12.274062519717713,7.111296480637961,21.933353804377926,3.673455151591533,26.825390505547226
4,poroto,800,2350,660,277,170,200,27.419686456974773,75.61886631265418,13.374028198426638,5.927114596879411,20.25844263492797,5.042136807434479,24.479184933818047
4,poroto,800,2350,660,277,170,500,23.62196802686824,67.60469150199415,8.293972924243548,6.095075930214922,18.741307917829594,7.4331300218578935,26.358251442748298
4,poroto,800,2350,660,277,170,350,22.266786932602272,41.55662673807398,13.895472965996348,5.547916920955641,18.23724212522208,5.565034487678502,25.82029131514475
5,poroto,2000,2850,330,185,255,950,20.110088071449407,43.51053776299067,13.360783829010233,5.247628847162711,20.47972616024496,4.855781860533878,24.855616922739994
5,poroto,2000,2850,330,185,255,800,29.033280059105806,60.09115781216475,14.641163730351128,6.1346554556076685,19.517979517831293,2.5422896975238842,25.222627735460087
5,poroto,2000,2850,330,185,255,800,28.128300133658318,40.39482131966746,10.514225733663983,5.9057519114206665,18.66737141653549,6.077727717872019,24.41911518462153
5,poroto,2000,2850,330,185,255,950,23.495198061989512,64.35286227284492,12.764463608281199,5.804652908026341,16.461788261924404,4.981646701015546,26.410945378235606
5,poroto,2000,2850,330,185,255,800,21.646845209948026,62.03675123942665,11.725893597978615,6.63469263308811,23.69286893702711,4.652047748754786,25.256521914359073
5,poroto,2000,2850,330,185,255,950,24.225939793255854,59.0537147921817,11.092465223004165,6.36332254423501,19.203980656366276,4.259600736422692,25.671094412199643
5,poroto,2000,2850,330,185,255,500,21.47900228682479,49.464858571827875,13.981193233544493,5.050581856817648,16.73624134233747,4.9825517728274775,25.71935280417048
5,poroto,2000,2850,330,185,255,650,22.818304188743582,62.48434434957733,10.708040367592556,4.959187249522087,18.072689091814635,5.515286389313643,25.723351535619535
5,poroto,2000,2850,330,185,255,650,27.697096724595447,66.20222318107284,13.295371798138172,7.003843486348193,19.15285280034259,4.537479852292321,25.532314441208054
5,poroto,2000,2850,330,185,255,950,28.410350456323695,60.56996654651531,16.632919484781688,6.313250205197322,21.939167258576944,3.4429076506310423,24.793824448156577
6,poroto,2400,2350,330,185,170,800,26.492982694622032,55.01439707283312,12.273161941919728,5.440541482668903,20.75776587718552,6.883462852300893,24.134035579405246
6,poroto,2400,2350,330,185,170,350,20.15686625357582,47.331589677143,15.341410620840316,6.210006159337554,16.829223555732167,5.586778344417931,24.74711426656791
6,poroto,2400,2350,330,185,170,800,25.07001268428425,73.92577177139418,13.769818796576278,5.819489961299293,17.22838076374356,4.5349832810435595,25.291943810284398
6,poroto,2400,2350,330,185,170,650,24.264699548482938,73.52297107741994,14.740408835076844,6.090777405437617,18.096585401559693,4.822326246838075,25.491388490487974
6,poroto,2400,2350,330,185,170,650,24.64461899187512,75.19578300579914,13.365647256146767,5.945403209415929,18.708996745002995,4.209246309033291,23.546412211035012
6,poroto,2400,2350,330,185,170,200,28.208078295146564,54.26546378793552,10.958963091183664,5.827100209161498,23.045234720534797,3.42234027218147,25.199418618787206
6,poroto,2400,2350,330,185,170,500,23.499622881910366,63.51541929793038,14.58533263772777,5.287872634256543,17.06005502468172,6.186628072649725,24.15810254013324
6,poroto,2400,2350,330,185,170,950,21.300816587277673,71.05819203853432,12.735307623804317,6.080561287083305,20.589880680954987,4.88270504077074,23.13234730821061
6,poroto,2400,2350,330,185,170,350,25.90000265720599,78.71903653360414,12.36300807211914,5.882533664219883,16.753397622644016,6.484447028037512,26.139106229883453
6,poroto,2400,2350,330,185,170,200,24.88524745067516,66.26123896857631,12.534314514904125,5.259431196542008,20.386366119749436,4.07729208372898,26.360359161013683
7,poroto,1600,1900,330,185,128,500,28.748633268500072,63.49911886914995,13.039138782961096,6.66731539939722,16.455750280539498,4.126991804345988,23.112112699612098
7,poroto,1600,1900,330,185,128,650,22.016802029766453,70.44708769122386,10.86599055055712,5.708293468247015,19.43866096190843,5.276875263368458,24.980227545577936
7,poroto,1600,1900,330,185,128,350,27.798765885767786,53.87286873714616,12.06170530712211,5.595526690425897,20.170148022340378,4.491232830043925,23.598556494823548
7,poroto,1600,1900,330,185,128,650,23.029162283465286,54.69763413716437,11.698874573331919,6.319984436484768,16.657094325743117,3.4879098182681596,24.429176575281435
7,poroto,1600,1900,330,185,128,800,28.957526970234692,59.62907949566718,15.46944040283316,6.292892107235756,19.35856326250907,6.1888316018459335,25.734889076138064
7,poroto,1600,1900,330,185,128,350,23.956166245550826,79.26079721476836,11.890658961345926,6.484918961126581,17.648632479629192,4.978019642632608,23.728377866148136
7,poroto,1600,1900,330,185,128,500,20.062215015169883,59.96115665711008,14.054699303431386,4.946445377375016,16.58080554613863,3.894900080443932,25.293042574181996
7,poroto,1600,1900,330,185,128,650,28.57633021522748,68.62760797429655,11.381779815297767,5.619844136892618,21.80606071836788,3.895451182714736,26.46334853203443
7,poroto,1600,1900,330,185,128,500,28.79344921782272,43.91152461291337,12.306932704650585,5.55822391484887,20.044196035167456,6.400414056395887,24.632719218853463
7,poroto,1600,1900,330,185,128,350,23.26710644087656,46.08558108014805,12.515107848602122,5.306362197522198,14.56059417888039,5.769143867291674,25.081096660544393
8,poroto,2000,1400,440,185,128,200,26.533093082313684,48.06755670949485,15.025685787372911,5.631941159067868,18.769866851641048,6.10734159985586,26.099665025314014
8,poroto,2000,1400,440,185,128,200,25.505229055094368,45.53976035986334,15.904954225216896,4.462189756532347,17.96649854236484,4.630855339370895,24.073258314434312
8,poroto,2000,1400,440,185,128,500,28.35038283785425,70.87336172289872,13.521894919515782,5.6646894066235305,20.567189297401885,5.187882882603229,26.452103937116348
8,poroto,2000,1400,440,185,128,800,29.32911110242995,77.63289224465575,13.175085914044523,6.442364566817091,19.008537661033763,7.395389154381959,24.849087820679603
8,poroto,2000,1400,440,185,128,200,29.873492019055085,77.14104370452553,16.612269717117403,6.108381499956659,22.331381647542216,2.561144057903434,24.34910250013593
8,poroto,2000,1400,440,185,128,650,29.591133006976563,55.257840521334515,14.723309147920974,5.121631350287036,18.426096322927283,4.005723454371207,23.871620463034134
8,poroto,2000,1400,440,185,128,500,29.598945231278947,46.4225387965763,10.918197154188405,4.821304322616105,18.249639190093536,5.204029397165342,25.526160465861608
8,poroto,2000,1400,440,185,128,350,20.44567030945347,62.023564596912394,12.034557182716016,5.754523768872659,17.06077841858238,3.668762761018125,26.09916773901394
8,poroto,2000,1400,440,185,128,350,27.338696633111294,62.893197248553484,13.100612624814774,5.322514673725547,16.147299113942626,5.766921473674311,24.41751411120988
8,poroto,2000,1400,440,185,128,800,20.241289058124767,52.44974661674305,14.479752563803721,6.12710039639557,19.24319876842807,4.750461977150048,25.291866503753628
9,poroto,1200,2350,660,555,85,800,23.046262872850107,68.00683535441283,12.050546685914199,5.059313129939693,18.783108526373365,5.987039222866931,25.233036863060516
9,poroto,1200,2350,660,555,85,800,25.642609998567274,62.000288599424806,12.026396121900405,5.720219893983704,18.539390226214564,4.755508439720144,23.283941258931435
9,poroto,1200,2350,660,555,85,950,28.134818895737936,51.18175464435973,11.606092412296391,4.493255689206065,18.808983066859064,3.3034080236955186,24.775135023043095
9,poroto,1200,2350,660,555,85,800,25.57685759597329,42.417541821684424,13.34207922698808,5.631990503756119,16.539836303914576,5.205859647469191,25.260474335893658
9,poroto,1200,2350,660,555,85,650,22.63885305422449,79.11909990445024,10.211014795942818,6.323844718245532,16.582985707830936,3.8170327562063324,24.939632142874007
9,poroto,1200,2350,660,555,85,650,23.244111452797586,62.25916045266649,11.689674548073915,6.340378172686781,16.562447079890653,7.891727240245768,23.97563729369582
9,poroto,1200,2350,660,555,85,800,23.016565861337455,47.80778292281882,7.938269131653375,5.392612828386423,20.541530382461264,3.8128134284776207,26.139864609224468
9,poroto,1200,2350,660,555,85,800,26.6256800911176,47.846657342528324,15.349244474874396,6.04836372287363,22.631857367530575,4.284596579126552,24.308691413499197
9,poroto,1200,2350,660,555,85,500,23.728398750662333,75.30628681008216,12.321078371952547,6.002934002181088,20.876544915792945,5.764876273003468,28.120978712551622
9,poroto,1200,2350,660,555,85,500,22.721554136160442,64.32471495779463,8.19608041459027,6.0145711791761665,15.753533192357914,3.3654927552554375,24.978964508091096
10,poroto,2400,2850,330,555,85,950,23.275169916554617,55.750830142675404,18.302248465861986,5.853337198843467,20.193674557936326,4.226408935742277,26.299795556339
10,poroto,2400,2850,330,555,85,350,20.7481282958625,54.360919176410626,12.658390635912138,6.112214376143609,20.758152570837453,4.202697527500157,25.505595239719487
10,poroto,2400,2850,330,555,85,800,22.423384939087235,73.61709451212148,15.17066056236581,6.004750616980167,18.078226650577385,2.519738166294362,23.466300887260488
10,poroto,2400,2850,330,555,85,950,21.406555374696552,59.82847092218871,12.805918557552403,6.831779358897944,14.914095786963138,4.706940241325642,26.433474183499825
10,poroto,2400,2850,330,555,85,200,25.770443823025033,71.09310140326525,12.716412310218177,6.775935019732134,21.11339411250871,3.443372448890339,26.27387570877086
10,poroto,2400,2850,330,555,85,500,20.419195992057258,79.36440508574321,12.146114990643387,5.876636274616828,21.42513175614577,3.289553600751826,24.567589651213257
10,poroto,2400,2850,330,555,85,200,21.665698490952835,65.26274583696417,11.625713501799517,4.9886199470511015,21.253620892789144,4.479813966031579,24.69158753187886
10,poroto,2400,2850,330,555,85,950,24.75318427478227,56.929553492032,14.972615097114003,5.618725331524837,18.88222506370108,6.092380338486767,25.07582566607837
10,poroto,2400,2850,330,555,85,200,22.282653178189435,43.11638921313758,14.751576748391349,5.563761577455631,22.538042064870442,6.740486779900768,26.127344127239734
10,poroto,2400,2850,330,555,85,800,26.78714329208922,43.012410167324326,14.39173243282821,4.84308926227585,22.60046404318613,5.239844789101981,24.552950075015207
11,poroto,1600,2850,660,185,213,500,24.142672390043032,50.323629979957325,16.91341101401371,5.76699390579959,17.649956289380228,4.16499278132796,26.11497191732981
11,poroto,1600,2850,660,185,213,650,22.691859508964868,59.24857730053816,15.161657006815933,4.948898205037017,22.871100329745516,4.919302989482109,25.117320534441088
11,poroto,1600,2850,660,185,213,950,22.6423574464122,67.41522543312598,10.65242238452224,4.855734178662886,20.04927960392141,6.147958675252536,24.16709682226567
11,poroto,1600,2850,660,185,213,200,28.41110033133002,55.400955966281444,14.917066474349717,5.811226096893542,19.97328933337164,6.216847227792734,24.804337724282878
11,poroto,1600,2850,660,185,213,350,21.616837063787468,65.2182766895289,13.039862808744237,5.814965205955096,17.885111216245463,5.308506523453946,25.440772569533355
11,poroto,1600,2850,660,185,213,500,26.16667787466431,63.13123116920261,13.918506656773706,6.386100043097067,19.200306509648932,7.820444903764352,22.5820178391574
11,poroto,1600,2850,660,185,213,350,21.50403932321226,55.84514357638056,8.301451810814136,5.003274685102333,17.41803494689407,6.243741208975481,25.419044866480085
11,poroto,1600,2850,660,185,213,200,21.009912726860996,50.41116097260661,10.201378451974398,6.401672634975625,17.45886970846366,4.697190965952158,23.51281432310118
11,poroto,1600,2850,660,185,213,350,21.574537498600243,78.13374300970942,15.891017566932382,6.906929331760717,17.162120838904634,5.14327818510973,25.30219850759662
11,poroto,1600,2850,660,185,213,500,26.5125543030094,69.90949263195665,14.804647156672656,6.752360192641508,16.598784495148585,6.533054830729892,25.11948970525042
12,poroto,2400,1900,330,185,128,350,25.654855391585976,76.76842150149996,9.977006814851183,5.215498549719939,17.69556037542389,7.1451297798696345,24.829622689653608
12,poroto,2400,1900,330,185,128,500,20.866932228060573,47.55103530442531,13.631431462602302,5.325007910434098,13.773526432247543,4.246252007334539,24.55868406234607
12,poroto,2400,1900,330,185,128,950,21.828939800069755,52.561353821117365,11.586209663812742,5.267929878095021,17.593338853704072,6.7001434960303445,23.159401379988704
12,poroto,2400,1900,330,185,128,200,29.56374291983576,47.39778598135011,11.645691453024094,5.14244391095468,23.208389783413953,3.185895743884448,26.274602223685775
12,poroto,2400,1900,330,185,128,800,26.431622111266897,74.77024701686734,15.966868948547928,5.8125804339770895,18.1013865971858,6.606981003316214,24.958631109453428
12,poroto,2400,1900,330,185,128,650,27.87045027673092,53.08158353567828,13.506555287348407,6.105111811578894,18.432469173480104,3.199472901576188,24.286494031234103
12,poroto,2400,1900,330,185,128,350,27.249492334374615,44.64057084504602,7.829226971220807,4.800268804425219,19.447328547947066,1.6868632270024562,26.416928115133537
12,poroto,2400,1900,330,185,128,800,28.68059082452563,54.52923316848032,13.688405361472496,5.667746712459088,16.800701711406568,5.402392125628756,25.11795112704698
12,poroto,2400,1900,330,185,128,500,28.991320261983574,78.02220497856155,12.573965465149307,5.937698690088314,17.016365321795362,5.6487854217212385,23.718346586272343
12,poroto,2400,1900,330,185,128,800,29.24889390889136,74.83718322200218,14.050597466261504,5.242308048852932,17.924032586434365,4.663877003934209,26.191546776597914
13,poroto,2400,950,440,555,255,800,28.459090338620854,42.81448991612905,14.71615525723475,5.325827068456699,20.624618730065635,5.065072812618175,25.566034924240633
13,poroto,2400,950,440,555,255,800,23.403715549006282,63.26760147799688,13.042057584853168,6.294548231600204,13.075472756134165,5.392198014196576,24.938312209550837
13,poroto,2400,950,440,555,255,500,28.743507925968988,52.97878806753905,15.011997229835409,6.4763410130283265,20.674277182096173,5.543711640449563,24.17540312415983
13,poroto,2400,950,440,555,255,200,26.878758074825257,46.66603672217689,9.699798160204445,6.012200075445601,16.127936799711932,5.344841005130183,25.89555815013686
13,poroto,2400,950,440,555,255,350,24.80749944793657,63.85267559912416,15.780105344798606,6.596190320017687,17.208597588082675,4.994195250801619,25.935455104976665
13,poroto,2400,950,440,555,255,500,27.781631731464042,52.804391677242265,10.898024794689626,6.383384537279908,18.50208467664024,6.550077683007885,24.493519170915278
13,poroto,2400,950,440,555,255,200,24.3576191784976,63.84309002373827,9.871222171555722,7.471933102974643,18.19647527542559,4.789223377757897,23.65094276823424
13,poroto,2400,950,440,555,255,800,28.846881195159476,58.51952875587363,12.196047588574592,6.552198889993784,17.638275357009192,4.801932784503235,25.432085482353166
13,poroto,2400,950,440,555,255,500,20.207190440351138,55.15590835402054,11.640818406004602,5.927387465325896,17.84215202006714,5.634212040185714,25.989945086421905
13,poroto,2400,950,440,555,255,500,21.60947898624683,75.99596778705731,11.611051446904899,6.365885490044142,14.612531720590455,5.655024932430732,25.281026071978452
14,poroto,1600,2350,660,370,255,200,29.04074533826097,70.2160118834389,13.328057788696839,7.230953621407098,18.640047546249658,4.491970687512113,23.73773942032767
14,poroto,1600,2350,660,370,255,500,27.91919946464371,65.6152948816412,10.19250655947122,6.160784363278784,23.17526226779203,3.098271662421266,26.094262002164577
14,poroto,1600,2350,660,370,255,650,22.123205501222838,54.96767581446515,12.815659662946029,6.090398415098117,19.245794642281083,5.963141504321655,25.629062315696974
14,poroto,1600,2350,660,370,255,350,29.787636982729325,77.27220732522602,14.644151201113297,6.712978691738972,19.96532625493479,5.182602321075397,25.567773027627847
14,poroto,1600,2350,660,370,255,200,29.61155187327563,69.71320727044468,14.812555700722863,5.655127878152301,23.242923628647752,5.293291155773662,24.737907481863495
14,poroto,1600,2350,660,370,255,350,23.70385287800298,56.146669981418356,11.076728346505725,4.821741067393845,17.664174582635386,5.232989257404886,24.334855268747173
14,poroto,1600,2350,660,370,255,800,23.587565284153374,58.60049689497509,13.354307374753386,6.405451308172249,19.32565455465688,2.8577251713627927,25.573332354638502
14,poroto,1600,2350,660,370,255,350,29.01602600839764,74.36816238610032,10.095094021486206,6.310334107402193,18.784732004800055,4.436750093590271,25.53182964421575
14,poroto,1600,2350,660,370,255,950,24.817145009669613,73.8731445162667,12.682032704905792,6.469576671892291,24.627684445629523,4.299964355655146,24.396515072584652
14,poroto,1600,2350,660,370,255,650,28.49641594907627,67.548692064574,14.534282932746061,6.081984999338367,19.16084481815631,4.0076290490761215,24.763751329629883
15,poroto,2400,2350,330,277,255,650,26.078357680163215,67.70310167411857,12.729447712793961,6.091888778053759,20.543356675215527,7.775905671002743,26.520633324564802
15,poroto,2400,2350,330,277,255,950,23.347770931331585,61.60471958610856,12.191865556816245,6.096968654719649,19.047533295046524,2.985060665692703,25.229339884988608
15,poroto,2400,2350,330,277,255,950,25.051947444406533,56.76105614323755,12.986889653330469,6.160135747589585,21.29466766002541,6.955134215141666,25.235960748981313
15,poroto,2400,2350,330,277,255,800,22.535762288188113,44.093416760590216,8.570285682553093,4.540011127613927,18.598380161836868,4.257482454633814,24.128211440421378
15,poroto,2400,2350,330,277,255,500,24.512777939694903,46.27897434515803,11.089761300314127,6.132004622243712,17.55139155150428,5.258504417017592,25.388846565243753
15,poroto,2400,2350,330,277,255,350,29.699167096579963,58.10985528214982,13.582510007381032,5.52202567636542,20.6992687189731,4.250832160052303,24.0195636887275
15,poroto,2400,2350,330,277,255,500,24.983388020365666,47.60703748003034,16.345329253348545,5.405195209694343,20.639683097769247,5.0816384449212455,24.496103571738622
15,poroto,2400,2350,330,277,255,350,28.966439564453147,73.80469765022062,12.81124596749471,6.738939402413089,20.536980431757026,4.292327972024177,24.60310421883381
15,poroto,2400,2350,330,277,255,500,25.686282774343017,52.613827776339335,13.935565806034347,5.216671064393004,19.526485168333203,4.225337754016532,26.441127790127222
15,poroto,2400,2350,330,277,255,200,25.96783735922178,58.41981675580083,10.63771964249062,5.0746931389469525,17.35928274011956,5.699901811070812,25.43362457130874
16,poroto,2000,2350,330,462,170,650,21.400155010209637,51.958433674922595,14.661433658008754,5.175937065639306,22.512260993545894,4.953966819091391,26.927414758732347
16,poroto,2000,2350,330,462,170,800,20.585706650070907,73.0229351426904,15.988119538489324,6.660657930286584,20.296011552219547,5.697282226464459,26.314519140805174
16,poroto,2000,2350,330,462,170,350,22.24829229410652,50.79934425953198,11.726525368571469,5.6176301313604,22.518623297265187,2.879603595350943,24.43595799509853
16,poroto,2000,2350,330,462,170,650,29.216190948876203,65.26566223208465,12.326986982249798,5.362748892942611,21.012390328032314,2.9135192565635593,25.6174116109517
16,poroto,2000,2350,330,462,170,350,20.18146524221626,70.85394262722427,15.326861747893954,5.194421741694625,16.722347857382765,5.378789987836551,24.598236781381903
16,poroto,2000,2350,330,462,170,200,27.37018217426209,72.36327768413234,15.08811083497232,5.601270943846943,17.450935131082854,2.9806435439106966,24.348117432497695
16,poroto,2000,2350,330,462,170,350,20.549231794203553,79.60544559622309,10.11768803861447,6.2146932889588955,15.774677672045105,5.171845197807954,24.121528119711783
16,poroto,2000,2350,330,462,170,350,28.45440574801198,58.61116938206976,13.444924773359409,6.20646503057762,19.265672812855353,5.117413131919102,26.08224554683684
16,poroto,2000,2350,330,462,170,950,26.042276023862954,44.1159331975882,11.948847840009515,5.629722371140639,18.5856236927187,4.978222497768864,24.576975344988654
16,poroto,2000,2350,330,462,170,800,26.842832823421663,47.373761992475394,10.24939648816516,5.755466083506406,15.687191555124656,5.362088416100295,25.62932921133449
17,poroto,800,950,440,555,255,950,23.40995558182553,70.09008602190197,10.136769819073931,6.294554091405661,18.52218384714486,2.688340371436576,26.800847780696692
17,poroto,800,950,440,555,255,650,25.364155532016888,49.88803733976023,10.53460181696793,7.031276489417081,17.03070421977891,2.737645703423628,25.724227357559233
17,poroto,800,950,440,555,255,350,28.33342394097317,44.36837366709544,10.241800969825789,5.484894080646277,14.050867893016168,3.31606994831247,25.38708261607618
17,poroto,800,950,440,555,255,200,20.37550658021887,40.4163427897718,14.624434057370037,5.4848034542022965,20.132461160943915,6.433300595780601,25.3273133009294
17,poroto,800,950,440,555,255,500,24.425629086826657,43.88278126024084,11.763694619586122,6.2389804290707325,19.89820762834701,6.247082110895327,24.57973510500618
17,poroto,800,950,440,555,255,200,25.486259095131953,48.05253442440734,13.31226347233096,6.399623133997268,19.223985713532024,5.4216776178076245,25.541855147211873
17,poroto,800,950,440,555,255,950,26.962532356328637,43.38810261097604,14.38487312025113,6.291895333247772,19.110728573344048,4.426269517269023,24.37881155339261
17,poroto,800,950,440,555,255,950,24.170909281513858,78.77261874452466,10.149766566576753,6.995659515876818,18.267663520688796,5.550821475243563,26.012560796811897
17,poroto,800,950,440,555,255,800,21.812187252964,47.49694154782941,12.993352634403635,6.6119836145265625,16.63982297308247,5.331501576623994,22.682414589325788
17,poroto,800,950,440,555,255,950,23.245374771944228,42.14563184199044,10.132401658187224,6.055858535966534,21.800151380198777,4.832593702933823,23.936774625194982
18,poroto,2400,1400,550,462,255,200,28.045045576701266,42.18436717732538,13.439951827390473,5.226790174115827,23.392765730250254,4.2971589091691405,23.764601959167443
18,poroto,2400,1400,550,462,255,500,20.728895241983853,44.6627112441235,12.231470865825582,6.535193561348722,18.421228849608152,4.575940790583079,26.79934020018446
18,poroto,2400,1400,550,462,255,800,24.574391830237367,53.05110247738193,15.179778489236487,5.544796058100193,22.41680381393874,2.7936846990590287,25.04693397508077
18,poroto,2400,1400,550,462,255,350,21.44830512840716,67.12714918298084,9.001071492612855,5.670243497739806,23.281191759233323,6.887310507427925,24.838402481989412
18,poroto,2400,1400,550,462,255,950,25.260624806489865,65.22977172429154,11.910038783961882,7.219127396758323,24.730259888461077,5.638862246332367,24.147176011871572
18,poroto,2400,1400,550,462,255,800,23.61703504736161,65.64207309927113,12.947745256259163,6.405179564128555,19.02952218830187,5.274494808497423,24.90958873522947
18,poroto,2400,1400,550,462,255,500,23.390285285962346,79.39426597942284,10.252274440804896,4.73256394731595,19.44148951714045,6.112565359930707,24.432656155104617
18,poroto,2400,1400,550,462,255,950,23.523137938042314,77.9862974135915,10.561021174837405,6.453206873952545,20.596595080133184,4.451223589130965,26.449283719721628
18,poroto,2400,1400,550,462,255,800,24.60758048346682,51.34863789414506,12.847581828840347,6.5143363503744975,19.099012062167727,5.0274182668217575,25.627784157885277
18,poroto,2400,1400,550,462,255,950,26.03466756835654,66.6290978309325,13.390160205432474,6.505039524288488,20.35060287410989,5.169286281622093,25.32089129913182
19,poroto,2400,2350,660,462,170,350,22.56332535050506,69.17871607212987,11.625840643917295,6.043197803772232,16.081347941254567,4.614931289794343,25.25982216505377
19,poroto,2400,2350,660,462,170,200,24.11238696155666,54.18886177819376,10.741717182004244,5.646359472905145,14.856046598458096,5.025673605419483,25.345200961383963
19,poroto,2400,2350,660,462,170,950,28.96278517590221,49.55673648243096,11.94911714018132,6.486377121410727,21.78822915433383,4.358400970454057,25.437729558052332
19,poroto,2400,2350,660,462,170,500,23.520559742405897,69.4675061966759,15.826557250005074,5.427916731112772,18.642625256356084,6.9361129980219705,26.917340055674114
19,poroto,2400,2350,660,462,170,200,26.741502231442237,51.051517199138345,15.461878216967015,4.50573512964418,18.775899179830603,3.5866404830603678,24.627627308767867
19,poroto,2400,2350,660,462,170,650,27.754081412130244,41.07847892846487,13.134657136938708,6.160355693722437,18.865107533591033,6.034226262476915,25.728606846834904
19,poroto,2400,2350,660,462,170,800,29.049087231074132,77.88544543783041,12.979671831927673,7.258628231335182,19.123141928341393,5.056764959923183,25.312195185401677
19,poroto,2400,2350,660,462,170,650,21.888682067975484,67.68066284534505,11.072392251765908,7.01203307625995,15.685660654411976,4.821487315212487,24.010973811663124
19,poroto,2400,2350,660,462,170,800,24.282173298389484,66.85593561653323,12.083712394878054,6.847157771875244,14.076968013874911,3.262303289084069,23.649786124142405
19,poroto,2400,2350,660,462,170,950,24.07685706807395,68.47476361960996,9.982290487749257,7.54344376710092,22.005818048260952,5.104647005408206,24.557891360876404
20,poroto,1600,950,660,277,170,950,22.878533342209323,50.41871083091298,11.260418721717617,5.281373134099239,20.041766146518366,5.997605075838753,26.138821768005396
20,poroto,1600,950,660,277,170,800,24.36324905655492,77.19191585259736,12.447240087208053,5.785275046082549,18.82862072707066,4.590787463834129,24.612939548578712
20,poroto,1600,950,660,277,170,800,25.081054901669873,60.15440288211542,10.647890667504829,6.051064767088783,19.38649898532207,5.395768196729469,25.340280427830727
20,poroto,1600,950,660,277,170,650,24.501903426669013,58.97802974384179,9.92470181470762,5.649891534612249,17.38542751233718,4.027383474513565,26.02518138139067
20,poroto,1600,950,660,277,170,350,29.182615595852113,71.88041688276893,16.406846458354238,5.8750547396518815,20.103065889612697,5.675994126848897,25.3438603092683
20,poroto,1600,950,660,277,170,200,21.37944916594425,63.43185139056102,12.513810466803097,6.557919073656466,17.09839724019995,5.6696791759759275,25.77529825170987
20,poroto,1600,950,660,277,170,650,22.453229043935995,55.09516726108721,11.396979482066433,5.831326509805439,13.294050975704987,3.05077494494693,24.87805789438459
20,poroto,1600,950,660,277,170,200,25.42273928571135,65.63770829265252,11.20458788004458,4.790681029358665,16.625332980805776,7.5029494056658095,26.31902666590596
20,poroto,1600,950,660,277,170,950,27.84340914835103,77.4397149036725,15.322243946251588,5.720278001674889,20.202539869942076,5.090207989713743,25.038666034829482
20,poroto,1600,950,660,277,170,800,25.150346140864198,42.466736119448534,11.726103235024583,4.946184031755451,17.191412601123716,6.49730264241187,25.38328388031285
21,poroto,2400,1400,550,185,255,650,28.00968941692864,42.130774802928734,11.979979194310793,6.573772601411916,18.747316689447523,1.787234389819258,23.60347471807765
21,poroto,2400,1400,550,185,255,650,28.719508586880167,59.84751372176315,13.765130723766177,6.351784326498324,23.468922332702444,7.4877062454767636,23.978569783015857
21,poroto,2400,1400,550,185,255,200,25.543504429730824,54.4904368814876,12.329480672217484,6.493022805709644,14.479192847012694,6.93935470590265,24.60057900811808
21,poroto,2400,1400,550,185,255,500,28.05560765670694,46.61952259804002,15.46166974965557,5.947002914064798,20.05954457752714,5.44771622824216,26.184201783506055
21,poroto,2400,1400,550,185,255,350,23.810484491518665,74.0539772657678,10.150885797986085,6.5632715989008386,16.380051606458576,4.674513570630889,25.03164161237615
21,poroto,2400,1400,550,185,255,950,20.395531634332436,52.693438675056896,11.364337833839313,6.035641086804472,19.424791010702034,6.0282162703180004,25.297181610286522
21,poroto,2400,1400,550,185,255,500,26.018379668427713,66.32604366917406,14.328756669552968,5.976001937888805,19.316736246454767,2.5255776094726863,24.95257785553613
21,poroto,2400,1400,550,185,255,800,27.42275484391572,73.04399308793911,11.597169284514733,6.723193061925426,17.677622289228715,2.850208697458213,25.56724146466544
21,poroto,2400,1400,550,185,255,650,27.97526069024004,74.79804734327956,13.101105446986509,5.673939395095434,16.338150523745597,5.337159039482885,24.63122677920751
21,poroto,2400,1400,550,185,255,950,25.61175507224488,60.90900411251579,13.182573322672244,5.731665726365827,19.108624806596374,6.2950379636823275,25.194187541668366
22,poroto,800,2350,440,277,213,200,27.63333370106089,56.87746800095674,17.36511877338573,6.568389424141895,20.486616303416564,7.204888564207912,23.234474955667174
22,poroto,800,2350,440,277,213,800,20.038381077842832,41.39691971789475,11.149796883563372,6.156962080097752,15.68246107204703,3.9334622392169405,25.799594352602686
22,poroto,800,2350,440,277,213,650,27.863785931575364,70.62974207287373,8.673397293055945,5.9920481084306365,20.50521789512867,5.687880112592483,24.715181695937495
22,poroto,800,2350,440,277,213,350,28.895317934291995,58.41875903668458,12.718502649078246,5.917369953240175,21.027965484019198,6.2597766877343926,26.529302020735617
22,poroto,800,2350,440,277,213,650,23.536756978049624,73.74000143170218,13.209435862297871,7.219223872226067,17.55599351389066,5.824070995721521,25.81586255254635
22,poroto,800,2350,440,277,213,200,20.62582572378534,62.563095368948325,10.46075045088533,6.045375738727048,16.994533838495165,5.567804907048047,25.313685011685116
22,poroto,800,2350,440,277,213,200,25.739174033009498,62.356626493840466,12.504763239323385,6.456340806466204,21.327331496138715,4.375014371145616,24.54039281455243
22,poroto,800,2350,440,277,213,200,29.82224699562235,59.473856379480885,11.929027317138965,6.80064044881879,18.915281924715696,4.438854500799708,25.48191175037883
22,poroto,800,2350,440,277,213,950,26.326802982275666,74.28256303976141,13.46299403321542,5.368786301801521,18.383090908439037,3.3222031676606267,24.451157638137573
22,poroto,800,2350,440,277,213,200,23.184392147505832,60.55235408896647,11.960569689854765,6.706345560155564,19.702292604781444,6.837608541744866,23.232692585188627
23,poroto,800,2850,220,370,255,950,21.636304237012254,40.646268268988,13.218419155540062,5.598712700819052,18.368980841983586,4.386020053685028,26.37845161535363
23,poroto,800,2850,220,370,255,800,20.318132338053086,41.027507724572686,13.136156042903446,7.537646721064073,17.822892139238174,5.539594292924505,23.284673894330624
23,poroto,800,2850,220,370,255,200,20.584196129797824,73.50971696516113,15.252255119449801,6.506744875756022,19.134591773397272,4.577117157246635,24.30133224301068
23,poroto,800,2850,220,370,255,350,20.728977239140043,66.8914491299571,14.330889716396202,6.020588335793117,20.308380817188393,4.4876452500163495,24.19881210741992
23,poroto,800,2850,220,370,255,950,23.01320698364168,66.242005546013,8.954218191618006,6.340627876306773,17.898655170289178,4.196242644640579,25.143331711273408
23,poroto,800,2850,220,370,255,350,20.80498361063286,71.21154251181947,14.150302472218616,6.821833758947914,23.226023037952046,5.521530062028223,24.074030026586975
23,poroto,800,2850,220,370,255,800,29.005365333999936,52.270762737117536,14.358143057922335,5.630210877389983,22.590942290651768,4.622119058603393,24.515572019766683
23,poroto,800,2850,220,370,255,800,24.935667144460968,75.72763520658191,11.070279478836884,5.93595617127373,23.79495438905358,0.4275511969093584,26.511810766377387
23,poroto,800,2850,220,370,255,200,20.932959995046602,42.79867301973328,11.722312135541161,5.7945077571055315,17.84042005381178,4.688791081170632,25.10808343334907
23,poroto,800,2850,220,370,255,800,26.435429539646236,72.42632295654758,15.063604614810135,6.632341012972383,20.402492637777744,5.267920188041798,23.68248272715798
24,poroto,2000,2350,550,370,85,800,20.424891908875487,45.32404566144464,14.226860730828516,4.760407091676624,17.557775925024412,5.274453534667148,27.298775761903247
24,poroto,2000,2350,550,370,85,650,20.6367080457215,72.97958170222901,11.482247831581887,5.451194401113682,18.98911744823267,4.656754050501104,24.964429175125332
24,poroto,2000,2350,550,370,85,200,27.88401384585538,64.35824181325178,15.978181871241858,5.030848885597372,20.08164285202456,4.719453506366598,25.558026286599084
24,poroto,2000,2350,550,370,85,500,24.25696163370877,46.719463392912985,13.472797066265574,5.726964887408363,17.32927133193155,3.626492789245555,24.15605956306103
24,poroto,2000,2350,550,370,85,200,22.042276698747024,44.46857197600806,10.900850355844167,6.083254996931451,22.071344680336566,6.985570638377544,24.949124072172943
24,poroto,2000,2350,550,370,85,200,25.679883945187257,49.038882511849806,11.877511929057627,5.542036369830389,17.133049140819303,4.752859074797166,25.138456642876818
24,poroto,2000,2350,550,370,85,500,23.51283999821643,51.40290650527506,14.469965838419956,5.433795505648943,17.90304781800721,6.637700579268991,26.3700664849646
24,poroto,2000,2350,550,370,85,800,23.623671452255866,62.43246539040156,10.36001063835721,5.4463281609897125,16.448393463228694,3.1913546995879685,26.41968339761982
24,poroto,2000,2350,550,370,85,950,22.99320176479595,67.13072534520614,11.104173895995814,5.403373504372787,15.406572135709698,5.894824633904484,23.864999618181066
24,poroto,2000,2350,550,370,85,950,20.398500659899188,56.301947441310624,12.256946880168874,5.447040548727205,20.912340868089164,4.373270980278599,25.2264928402446
25,poroto,2000,1900,550,555,85,500,20.789186560922,77.92684579612981,12.399818887389447,6.729511553059229,18.712632288261567,4.819218659998801,24.68953704450606
25,poroto,2000,1900,550,555,85,350,23.769619523404366,62.40029997558388,13.192838073662386,6.389638882127537,23.812789655746542,5.202885716899336,23.55996848769909
25,poroto,2000,1900,550,555,85,950,23.84954207816471,48.913734871073146,12.61181471107985,5.827767361604026,18.421933704565234,5.9958781398497,24.60047755477351
25,poroto,2000,1900,550,555,85,800,25.32631637008929,55.21473317621995,11.747153144267333,6.2963092435253785,19.031969761406454,6.545268242040401,24.597805813155507
25,poroto,2000,1900,550,555,85,800,27.50957149378461,57.194490786483016,12.729454514418908,5.820247976470865,21.361153469312267,3.7423160493699403,23.55014055466081
25,poroto,2000,1900,550,555,85,200,27.3768997970061,73.35275799453663,12.989090446097308,6.2045350181109304,22.360315022456387,2.124033790626586,27.49562073767965
25,poroto,2000,1900,550,555,85,650,27.128588541067767,57.4212174480777,14.473430267805286,5.904248271812462,17.57204453277275,5.0991207620892895,23.908816212366915
25,poroto,2000,1900,550,555,85,200,25.73755799570222,46.20440037383582,10.98931130792386,5.628316656875687,26.060819272961872,5.193315490961668,25.85131403658964
25,poroto,2000,1900,550,555,85,500,24.27957917922838,77.06962200475925,10.234355521782346,6.010294109215064,20.880360139705317,3.9121335039768663,24.834799694360242
25,poroto,2000,1900,550,555,85,500,26.323970717595653,70.30264253955204,13.317363695232535,6.409466873588758,19.301558193855552,3.5694271743416195,24.580183461541747
26,poroto,2400,2850,550,555,170,200,29.030724381422303,78.44334795434231,12.592069517517597,6.740371054307907,18.6124214017219,3.9818261986731094,25.22424586319995
26,poroto,2400,2850,550,555,170,950,22.21129137192938,73.4190712220078,14.106714851482671,6.05040001959763,17.880793353832658,4.786849598885925,26.330244243124152
26,poroto,2400,2850,550,555,170,950,24.410289674843117,47.955414045836456,11.390415199017472,6.429803641741262,19.40854710990734,5.307667280729708,25.832640766652407
26,poroto,2400,2850,550,555,170,950,23.33233569142549,40.26228250159737,14.82571524345913,6.454262149954527,18.84453390216792,5.1213349145475,24.21373452674172
26,poroto,2400,2850,550,555,170,950,22.316028498107777,79.19892741979999,11.42109867573652,6.874476437176891,11.920206796555902,6.910049351383175,24.889119568492838
26,poroto,2400,2850,550,555,170,350,21.37436919541862,54.88900003571196,13.03453956048201,6.2981560696293375,19.30151576047617,4.442738191858881,26.291761988638562
26,poroto,2400,2850,550,555,170,500,29.448849163435007,72.38362457556417,15.527862724165693,5.819517551560109,19.824742870824835,5.152703586314412,24.03940455985724
26,poroto,2400,2850,550,555,170,650,26.447948093670345,62.69780895940917,10.820182851659855,5.222896609855697,20.495350457634412,7.762066318534172,23.915280363773004
26,poroto,2400,2850,550,555,170,200,29.433873223838376,62.37125898616528,9.186467631504911,6.47268628081654,19.509726376163076,6.262593697358,25.55253453231221
26,poroto,2400,2850,550,555,170,350,28.018915991501757,44.69677196361958,13.81071898841055,5.784233865065364,15.605872812703982,5.093070900375296,22.99851543714912
27,poroto,1600,950,330,370,255,800,25.085746989003454,66.73562497546004,13.714684612132753,6.75511428619179,17.387752929884122,6.405816723539534,25.643225563208173
27,poroto,1600,950,330,370,255,500,26.594805658702864,51.77233368221658,12.779598922896355,6.614163221455683,18.937663210760793,5.8727008025495895,24.081571925950332
27,poroto,1600,950,330,370,255,800,26.434639474112384,43.33287823520894,13.142423804719026,5.36787777620662,18.892949961091166,6.303689786958421,26.769113573206017
27,poroto,1600,950,330,370,255,650,21.89849006911515,57.81564490724544,14.133392797210393,6.717786884951149,22.236450953117735,5.0339616118845045,24.61658590515373
27,poroto,1600,950,330,370,255,200,26.92108273821136,78.14887255607641,11.848340877369257,5.660822067500006,19.703962527632534,5.982353874624491,26.524995940489248
27,poroto,1600,950,330,370,255,350,21.510838136269918,76.55382687852966,12.716035400458555,6.657587913541139,15.950924886242792,5.487072762782641,23.702912931029047
27,poroto,1600,950,330,370,255,950,23.077044534235952,62.3256756117447,12.970680016822065,6.01866651590246,17.564560346835187,5.086109592421331,23.523521324622152
27,poroto,1600,950,330,370,255,200,22.490846625839023,47.707993731598144,12.365844191716057,5.431314336487996,18.64069995304723,3.594147318373346,25.45855179574569
27,poroto,1600,950,330,370,255,650,25.495721439725326,73.4500675653899,15.592157980826256,6.746871365848467,17.66586832549201,6.050386265290719,25.100093200435737
27,poroto,1600,950,330,370,255,350,25.619817312032836,64.1823910558167,12.303958906459918,5.884979714824934,17.41763229726844,6.177550209020355,24.95963921247043
28,poroto,2400,950,220,277,213,350,29.217338086549717,63.85798880538675,13.428991227257827,6.76284617334743,14.88893054266762,5.873439318986258,23.460498697106917
28,poroto,2400,950,220,277,213,200,25.89461985700396,75.90219312231511,12.883109981076714,5.652048887764469,20.335191032318843,5.338851441236129,24.28786461769528
28,poroto,2400,950,220,277,213,500,24.647032689348805,67.89905212562921,14.906905837543363,5.803347132278217,18.56353902123661,4.262573905029343,25.49059730778134
28,poroto,2400,950,220,277,213,650,20.165742909553114,41.11319827931052,12.83334970647599,6.3174564762027705,17.8440229757748,3.765439590337091,25.134969305905692
28,poroto,2400,950,220,277,213,500,21.06748793027829,70.52310851480723,11.29459059684147,5.461134724237308,17.365209779938333,5.902291006947178,25.675463004016866
28,poroto,2400,950,220,277,213,650,27.739078821484235,52.39180942818521,13.852842803223753,6.553628363882107,20.357219878364422,4.593771438595622,25.01728187537182
28,poroto,2400,950,220,277,213,500,28.011723723828304,61.92095597872672,11.053726280112878,6.973623735465807,21.379864384252134,4.989626476924354,24.626185612448506
28,poroto,2400,950,220,277,213,350,28.050350691086805,62.4189728305013,13.258984933095851,5.770384272107891,19.345054721008125,2.5494835196997534,24.99439085943055
28,poroto,2400,950,220,277,213,200,25.942319092003373,66.31735286335424,9.811100057451974,5.9219954542678614,19.103402548669113,5.719629009033958,24.777317693466475
28,poroto,2400,950,220,277,213,350,26.937728292206913,44.86042462902542,12.474222525269445,6.287786059595495,18.463609998297933,4.0927131295774375,23.71503864170929
29,poroto,2000,1400,550,277,128,200,20.207264448029093,56.61140245184302,14.543054744216471,6.344776440316927,21.00803246939609,6.185477761827235,24.963042581908756
29,poroto,2000,1400,550,277,128,800,20.897111306228812,54.79737428058132,13.406967511921602,5.841971221077287,15.843940079182346,3.725109167091646,23.404733179005383
29,poroto,2000,1400,550,277,128,350,29.626943083633225,56.13266532353989,15.477544920067706,5.4832022392539645,24.027680995787236,2.120355409786565,25.581590371197034
29,poroto,2000,1400,550,277,128,200,26.73940958403632,46.33811494375509,12.43016683893342,6.033912099444829,21.813139714122762,7.094875935660235,26.165290638040574
29,poroto,2000,1400,550,277,128,500,21.05093483130502,63.81110461739392,13.061055081056118,4.508866344446449,19.37299714960591,4.519639377781752,25.6021571914903
29,poroto,2000,1400,550,277,128,200,29.970586150866644,64.04559924587566,11.714766943257636,5.057046521059947,17.18078604694089,4.581243247015409,26.146532994246826
29,poroto,2000,1400,550,277,128,350,28.009717097907224,42.748607659567604,13.424896187609475,5.638733522486116,17.600392642727314,3.5115182983046838,25.340919775233722
29,poroto,2000,1400,550,277,128,350,28.73281407301926,73.164824379034,12.111484119910518,6.205468798299857,19.620000863083128,6.229072271709211,24.00685625207434
29,poroto,2000,1400,550,277,128,950,23.22769541213676,77.03603330087213,11.007778799202253,5.515999398528493,15.224676117764737,2.823385494778399,23.81952163293477
29,poroto,2000,1400,550,277,128,650,28.91553386405682,70.98948870477606,14.511987950139165,6.987314710821557,18.88791922866026,5.701063609771136,25.862163815918738
30,poroto,1600,2350,550,462,213,950,20.462134603347213,40.044232544661604,11.896793836545536,6.667392303512358,20.925189215142414,5.547787205814022,24.769405272791804
30,poroto,1600,2350,550,462,213,200,23.245149374182315,57.18346435726273,12.466133120722205,6.428174917392884,19.27775198079465,5.98910087729986,23.194226137015757
30,poroto,1600,2350,550,462,213,200,21.0486880112666,52.97456798022217,12.28718650675284,5.665303487864285,16.64668089575542,5.063807860170499,23.408814624399273
30,poroto,1600,2350,550,462,213,800,24.785878340472202,49.98493973472731,13.942698362247537,6.624625446347257,17.49953355388301,1.4973864518754194,24.564465244224866
30,poroto,1600,2350,550,462,213,350,27.393220535848926,76.326744278455,15.189096039936032,5.540395025454294,17.302733552598976,5.861188299685865,25.898397757674648
30,poroto,1600,2350,550,462,213,350,24.649446622408522,74.87455207927522,13.167064012861019,6.019675030034147,15.71324830172574,5.225000226161419,24.641433701120942
30,poroto,1600,2350,550,462,213,350,28.24374191184258,75.23335690890892,14.859187836288685,6.567570563178813,16.74487010497567,5.061038182968098,25.32070364877373
30,poroto,1600,2350,550,462,213,650,24.92451671128515,51.549720231189646,12.375978018446185,5.443294960834917,19.707781713757146,7.278420642756875,23.191012054400524
30,poroto,1600,2350,550,462,213,350,25.84142682608274,55.23326624649167,11.804743074893972,4.981559359109305,16.641910005586524,4.2954332508767035,27.336077386375443
30,poroto,1600,2350,550,462,213,200,20.32057402092773,72.68043298590784,10.07036296867364,5.222022383219129,20.370079668612124,4.443496372099123,24.79770814700437
31,poroto,800,1900,550,277,170,950,28.834476518023983,65.23676612253182,15.17156509909573,6.775055976549236,16.83302299858851,5.906816419843521,23.8161214863703
31,poroto,800,1900,550,277,170,500,26.36720556925408,77.90015083402339,12.08682060023078,6.053158199478846,16.521746470354238,4.029757087737902,25.573850097947993
31,poroto,800,1900,550,277,170,350,22.358359244085484,57.65251555730156,13.55265454565372,4.88431193314063,19.260697892765528,6.332343483173514,24.810176468504835
31,poroto,800,1900,550,277,170,350,23.214155395723765,70.05149860436698,15.455885459508568,6.005013273980943,21.79665158812423,4.33540121479351,23.349191474020135
31,poroto,800,1900,550,277,170,800,23.67757843554171,57.05519766980548,11.571305960746914,5.362177306159026,19.036281535430376,2.289894893606884,25.089846483580043
31,poroto,800,1900,550,277,170,200,24.622379678933644,72.28146053208482,17.369276099685102,6.018173701535013,17.240258447128863,4.064247184641111,24.76703345171442
31,poroto,800,1900,550,277,170,650,24.27428920293093,59.17161567942337,14.889802805803953,5.864559456267218,17.585077925400782,4.906191275853589,25.055842558722322
31,poroto,800,1900,550,277,170,950,29.6220125687649,54.64889471164609,12.673557095956296,5.339403943463984,20.25750104397733,5.778329883749509,24.18910957306155
31,poroto,800,1900,550,277,170,950,20.636745024226197,40.85344481426232,14.260673486591672,6.284805735952982,19.00169393015496,6.48876356114021,25.707925006851426
31,poroto,800,1900,550,277,170,800,22.988348616779838,60.433341721691704,12.146842273007923,5.393007882692885,20.600966799772312,6.26690024995028,25.032678828397653
32,poroto,1600,2850,330,462,255,200,21.858419282544485,62.070590922751286,8.784062281148351,7.296123241956156,20.01863882292264,5.7340727791021955,26.09879480120331
32,poroto,1600,2850,330,462,255,200,24.591728129381824,63.32066149273133,9.99740573767255,5.9798528971015426,19.622828793862737,4.993817450549365,26.253491651570812
32,poroto,1600,2850,330,462,255,950,25.04489852796745,52.57429054934266,10.343751182555462,6.409002354773088,17.04185782380507,5.02706470022921,25.402137000761307
32,poroto,1600,2850,330,462,255,200,29.38667987866278,50.34847979202698,15.459921170053594,5.704903339943467,17.30599353105614,3.570238915195395,24.54427136562617
32,poroto,1600,2850,330,462,255,200,29.147924974504377,64.71174830043506,14.281062135023262,6.929782924989605,20.874693204630073,4.789387703478771,24.748836053773765
32,poroto,1600,2850,330,462,255,350,29.494425946798465,40.20295675512929,12.989385298190793,6.593259211486188,21.02462326070699,6.6301680822900115,25.63049567279107
32,poroto,1600,2850,330,462,255,500,27.142044664973334,49.21588321277445,12.388513274351979,5.884832209592237,20.16379786074445,4.776773722187545,25.347110198875843
32,poroto,1600,2850,330,462,255,500,21.40312300937952,43.71229525321654,15.48727478274192,6.237968522174,17.47576262385266,4.478466952408401,24.723150403140888
32,poroto,1600,2850,330,462,255,200,20.452675606334992,57.08331312325832,14.054940248384368,6.596630232410357,18.24019275151754,5.8238647052204655,24.664081928334586
32,poroto,1600,2850,330,462,255,650,27.387050624295902,47.05916251648587,10.270453399873961,5.644198736530738,14.522651325466871,7.276150607378016,24.83468246528812
33,poroto,1200,2350,330,462,85,200,27.968541464932834,78.81586887302653,15.369895064902469,6.581849718543187,23.336337469075943,4.930800353389078,27.32249541652093
33,poroto,1200,2350,330,462,85,200,28.38944991094307,46.12981057635372,15.105877509792993,5.992469183691438,17.902291209699886,3.231745966590398,24.72571750321607
33,poroto,1200,2350,330,462,85,800,26.583512850815247,61.17130259198106,13.66715022850863,5.349986048129223,17.033896606453116,6.7210686060702205,26.813653121362393
33,poroto,1200,2350,330,462,85,500,20.517347236111878,52.874646277037925,9.511325482400169,5.413354432594761,18.48950754798033,5.3920835120229595,24.144384323366086
33,poroto,1200,2350,330,462,85,200,25.20418152613682,55.940071219209045,11.122797974588547,5.486726988511501,19.85714872706612,3.925335059866125,27.023597760400186
33,poroto,1200,2350,330,462,85,950,26.892226198981838,71.28209481767074,13.01320637074263,5.743809481018061,19.047249636925898,3.9011978606501976,24.78740200979264
33,poroto,1200,2350,330,462,85,950,27.31824928841732,68.58877705695438,14.713480075701035,6.74050202799285,17.459637798250196,5.723101140616466,25.16387906723161
33,poroto,1200,2350,330,462,85,500,25.76287602301852,60.47179834805197,13.375805970843127,5.239216957670137,23.774220205243978,4.656652516114695,24.613048652441172
33,poroto,1200,2350,330,462,85,500,29.695393709887583,57.842462774156125,16.24281790251705,4.640452652956644,18.862802508036065,8.05317016311503,25.03171103232138
33,poroto,1200,2350,330,462,85,350,22.240939348087746,77.72739610715104,12.973314096471515,6.59343021239186,24.139682076404053,5.235917421427494,24.831214008786453
34,poroto,2000,950,220,185,128,500,25.870144590440386,62.9908917879112,12.081359706216428,5.339086106077113,17.266257557108343,5.045392342570457,24.298571887981627
34,poroto,2000,950,220,185,128,200,23.014112825185414,49.38656926999486,13.36887779966573,5.549242325497215,18.893428695488176,5.997840180415249,25.978173454710202
34,poroto,2000,950,220,185,128,500,29.270897590195705,49.2216529755331,16.155160539406623,4.699330785197902,18.997198635090886,4.6018303765741075,26.102764158597303
34,poroto,2000,950,220,185,128,500,26.677740314110224,50.84936915462522,13.103512965565395,5.915611574260465,16.125452598262136,2.7616137527022424,26.490193132586015
34,poroto,2000,950,220,185,128,500,25.907075109799152,49.047445789968506,14.082550939196466,5.104852124334663,16.781480135694984,7.200099072710541,24.403174216180677
34,poroto,2000,950,220,185,128,800,22.23608607140492,51.47240873890569,10.06323929257918,4.985899670572907,18.118219263854442,5.4473586361754895,23.70504957888806
34,poroto,2000,950,220,185,128,350,26.955289141030658,65.70508059986935,13.960972764036166,5.501260874843807,18.141066511814955,4.8840201726534245,26.03674894389281
34,poroto,2000,950,220,185,128,800,24.408661709718128,53.967016281545106,15.833692606105757,4.960116717957558,18.75045256868308,6.55466631031183,26.25736195580569
34,poroto,2000,950,220,185,128,350,23.922849590739393,67.14009810495389,13.278432199670727,5.92134168571386,17.529473303846107,2.288245243485343,24.834360260828102
34,poroto,2000,950,220,185,128,800,24.64496117089603,52.80903073469461,11.94506918158724,6.002724893434306,18.1781818103704,3.3740089152569293,26.259554030839592
35,poroto,800,1900,330,462,170,500,25.02083402867319,54.232435510561146,14.194802933405215,5.8660593996378765,22.04894323077754,3.9215308664739768,24.144380518597973
35,poroto,800,1900,330,462,170,200,23.742615297918345,72.97364857916506,14.111239393290495,7.082879965350584,15.693797840778418,4.1093572789029915,23.459153508013642
35,poroto,800,1900,330,462,170,800,27.178044022265745,72.7897716265841,14.196906007549421,6.073460357798839,22.920900005887695,4.012137223689098,27.764614546526
35,poroto,800,1900,330,462,170,200,22.69716862428059,67.24999251655305,12.813771753723916,6.072145812309448,19.955228722870988,4.058498330133669,23.22132790617408
35,poroto,800,1900,330,462,170,950,23.924425172102822,77.60813551660833,11.283931310163618,6.274065965473627,13.816443342950045,6.070716190208341,26.152647826795246
35,poroto,800,1900,330,462,170,800,20.467379501877907,69.17471347496809,13.912515379981617,6.0662477584498244,15.758299610635099,4.502748924638762,24.86804807393906
35,poroto,800,1900,330,462,170,950,22.59590152138307,67.21844060346172,15.14793526926452,6.380805261711784,17.303572222602813,5.777153117467938,24.340012846816254
35,poroto,800,1900,330,462,170,350,23.776292692494,77.87527726027596,9.163698067961896,5.67166648295006,20.35662131057256,6.418629649836356,25.11291564581491
35,poroto,800,1900,330,462,170,950,27.507948050052228,43.13728237805784,16.377015139751705,5.720492598148361,15.16107089632165,4.012112239467648,23.535659353226716
35,poroto,800,1900,330,462,170,350,28.29680630287658,67.573572637697,16.7540751348866,5.548056603069059,16.748088513824687,3.97204674850106,25.824029599794283
36,poroto,2000,1900,550,277,213,950,27.218579677207053,71.23091284169877,13.436205231103227,5.480041777491935,21.86951499125015,5.550502828563414,25.974163188079316
36,poroto,2000,1900,550,277,213,200,22.964258220063822,73.21134637560905,14.053987855017894,5.556762732923478,20.106151992477045,3.990957739180444,24.791210473106386
36,poroto,2000,1900,550,277,213,650,28.74847042193061,72.01745266420318,13.299201786333679,6.182704611373012,20.378986654081135,5.059314680994318,25.429724093822976
36,poroto,2000,1900,550,277,213,950,25.604924105838066,43.86799514478204,14.459589886385725,6.086914925199421,17.850971242329113,5.9140015254085405,27.716885668039215
36,poroto,2000,1900,550,277,213,500,26.81113935125208,63.778483535757246,11.755093146078325,5.75608228408356,17.980877963272665,7.036066205312517,23.162538159325802
36,poroto,2000,1900,550,277,213,800,27.86137148429896,79.30638103418562,14.786411121427578,6.563897005475883,20.408583335840884,4.79376131743861,26.378425482332165
36,poroto,2000,1900,550,277,213,500,23.870082676787725,66.91169640004989,14.895379245336965,5.849090672426901,17.603314400635675,3.647024352598927,26.208098713953824
36,poroto,2000,1900,550,277,213,200,24.611578648167608,42.60959458745296,13.28849493590203,5.062970530584262,16.135116061670633,5.216735533847081,25.691193629061377
36,poroto,2000,1900,550,277,213,800,26.074379107243956,77.83928203251838,12.856684213591524,5.664317923947122,18.72821885319804,6.558832861526061,23.76520130757276
36,poroto,2000,1900,550,277,213,200,20.02257876801959,53.827824910574726,8.844076082802346,5.4299479358963385,18.822071577208092,5.040264212698077,25.545195983452487
37,poroto,1200,1900,440,185,213,950,21.08138768462533,58.832621370264405,9.564456062353766,5.855352074105258,19.035234807418995,2.9851347297131676,25.284849885111367
37,poroto,1200,1900,440,185,213,350,25.35093489327138,66.3901125886008,12.08818217930039,5.813255939448538,16.06097983458676,4.4045084336761615,25.82124917061103
37,poroto,1200,1900,440,185,213,650,20.32124239462763,59.82042356982099,12.36640275567701,4.5796267788560945,19.039817159680503,3.9690843050820033,25.3162954155545
37,poroto,1200,1900,440,185,213,500,20.16085560306409,72.97866529230166,12.84453125552837,5.660797318733359,20.2003784669827,6.127730520507626,24.079747554820756
37,poroto,1200,1900,440,185,213,200,24.1863668805301,47.97813949295774,14.436303872480327,5.81997067182674,13.553375721982889,4.0249475232310346,26.853884925108694
37,poroto,1200,1900,440,185,213,950,25.33844227437678,48.54393181476027,11.48839293626148,6.3793436224330256,20.728138601489583,4.531592043074516,26.06869587222916
37,poroto,1200,1900,440,185,213,650,21.274996522912186,47.80208346489595,10.159859355469319,6.8275601528053524,18.67808867993006,3.8635331494817877,24.777351755659335
37,poroto,1200,1900,440,185,213,350,21.1341236907452,51.25395402260124,12.99540274981763,5.54026294514123,20.13468576217405,5.408639014160807,25.16637735162566
37,poroto,1200,1900,440,185,213,200,21.010025150681443,50.168019975563695,14.085404078036394,6.227154209843843,17.047000293791278,7.1118524300819335,26.53062802263666
37,poroto,1200,1900,440,185,213,350,24.821523385149646,40.85488552161253,11.165252872917282,5.872210943194243,16.16980779790152,4.0038316168742405,24.817178099720227
38,poroto,1600,2850,660,370,213,500,28.949172321290938,67.97670235598349,15.628497235712347,6.552413637650401,18.46412391987388,5.117937564525198,24.158772620387502
38,poroto,1600,2850,660,370,213,650,29.663816242517353,40.84285337519228,16.577910047156703,5.523094292250235,16.19422498021008,6.658867486749345,25.183638158942433
38,poroto,1600,2850,660,370,213,500,23.635979508845274,48.18563985611547,13.674961474495358,5.99844019328689,20.22640966156712,2.737967955519579,25.94439993420568
38,poroto,1600,2850,660,370,213,200,24.876569603352024,46.010846298256794,13.235289109179696,6.620255039373807,17.52509771506125,5.174618038248272,25.03370907184504
38,poroto,1600,2850,660,370,213,950,21.65594686156466,70.4906982286987,12.316646623171753,6.031266063304765,21.19027678099051,3.839457226066342,27.411029414316907
38,poroto,1600,2850,660,370,213,500,20.21062033374866,68.16035353955962,12.207322198878344,6.192962635155781,15.192505937169166,5.743717859862249,25.019259258914474
38,poroto,1600,2850,660,370,213,200,20.483658958382325,43.57517737225336,13.11659234638592,6.172792873145665,21.292683751402528,5.774186994082905,25.047179385013496
38,poroto,1600,2850,660,370,213,500,21.113101465157484,76.31046594459261,14.285605894260625,5.640494764270505,19.913822118639235,5.4000716153111235,27.674066506749533
38,poroto,1600,2850,660,370,213,350,28.800128484857368,49.71242961930257,13.624461420927897,4.9425757208780725,16.50199039428184,5.297366868628543,25.635573985715222
38,poroto,1600,2850,660,370,213,950,25.048903835011785,75.44774844492767,15.01115986448574,6.499380761509678,20.75406649154746,5.556288744701803,23.787435738822253
39,poroto,1200,2850,550,555,170,200,25.66252459615541,78.71775426956927,13.866490410887614,7.30863401881961,24.807396686856677,5.56873514020617,25.02509546096349
39,poroto,1200,2850,550,555,170,800,28.704201084945577,61.85589545533254,15.988381362512325,5.746437122045189,19.596058649734047,2.2871979216111646,24.577269608183865
39,poroto,1200,2850,550,555,170,350,21.1172279334563,56.20531415968911,16.129420867056584,6.2630603897545445,24.486241614961088,5.1854807805744825,26.183767618978354
39,poroto,1200,2850,550,555,170,800,28.304620468521172,47.06620408280988,18.36581692885052,7.019899526617083,20.166659727046,5.814793159733846,25.388294976714093
39,poroto,1200,2850,550,555,170,950,26.907978657458592,53.84231754641035,14.260990347656778,5.869733496459651,16.755912989128557,5.002007519385305,25.378194136082126
39,poroto,1200,2850,550,555,170,200,22.508863731255214,60.062236161482744,8.710102845817275,6.4792336412808496,24.685445911072065,6.853741147592529,23.641638016698483
39,poroto,1200,2850,550,555,170,800,24.258502346426727,67.22460505205326,14.046771356842427,5.933012326947446,21.695564407543085,5.404672600311541,24.95583559220659
39,poroto,1200,2850,550,555,170,800,23.94436000556632,60.60588444285405,10.088075979444113,6.021905546379384,21.128750029199836,4.133762796969309,27.200329628807708
39,poroto,1200,2850,550,555,170,350,23.075025305951364,57.968127864518934,9.819296599902826,6.0566018275709705,17.982911277836315,3.570630250763085,25.651767124638578
39,poroto,1200,2850,550,555,170,800,29.627866527526983,78.14518613117703,10.716248836655348,6.427809763518385,18.64748545605639,6.183430109358787,24.952903831786056
40,poroto,800,2350,440,277,85,350,28.082900718668576,59.726388975914205,10.317900913828293,4.124471873009978,16.81852726001983,5.51281688666808,24.585746941967095
40,poroto,800,2350,440,277,85,200,26.461700758291062,73.45535629912551,12.682708338607501,6.921015874518905,20.356656668546954,5.853105615928443,25.96339087786196
40,poroto,800,2350,440,277,85,500,25.333129537922467,44.69324377710487,14.28711720514162,5.724325642991324,19.9593124039176,5.307067549662994,26.310237136142504
40,poroto,800,2350,440,277,85,950,28.3940751814841,74.54390240244564,13.934093030228494,6.243183773071202,18.313639052942005,3.8757885619461483,26.60574375612701
40,poroto,800,2350,440,277,85,200,27.228937160195514,46.41892375208656,8.871002363898024,5.864382190579987,16.771997379897954,5.311740134217038,24.839603489668566
40,poroto,800,2350,440,277,85,950,22.182540275324595,77.89801688019841,12.799321816340113,6.845472183344791,16.956625849686652,6.976335377208407,24.86746586599786
40,poroto,800,2350,440,277,85,500,29.64659630298656,63.763957751037225,13.440628045697583,5.405383784439534,17.745754080403664,4.562402970430527,25.650759795106744
40,poroto,800,2350,440,277,85,350,27.6764293224415,75.72766569980331,9.632056532283768,5.962125650609817,14.573714507601853,5.6723510379029625,23.71204332352566
40,poroto,800,2350,440,277,85,500,26.150245035885415,43.40668039954458,11.088956523598357,5.829249043522265,22.48035823559576,6.0126182794737835,23.76227771938405
40,poroto,800,2350,440,277,85,950,26.47450002573427,54.726027690594,15.276939832690232,6.003665191115503,14.90376947514137,5.362406747658368,25.654605013418468
41,poroto,1600,1900,660,462,128,800,23.72062929662317,76.69958499047556,14.199670533068902,5.459719270857922,21.020122482062764,2.016022419496282,25.092871340446422
41,poroto,1600,1900,660,462,128,950,27.336684586796466,58.85725857576719,17.111382227625636,6.873577900069218,18.89797692600609,5.169327523304557,25.230946000334573
41,poroto,1600,1900,660,462,128,200,29.747876432635724,58.15256400817714,13.33578799861203,6.255991418407354,15.812548172724732,3.6785046344509293,26.010016793948317
41,poroto,1600,1900,660,462,128,800,23.467794141759004,75.14089723517044,10.36377545603679,6.291250575251203,18.192830424717577,5.306837107381048,25.226605969827883
41,poroto,1600,1900,660,462,128,800,25.145073591709856,57.66557222719416,12.569870884590866,6.185012213507328,22.733380508740055,4.599875904114771,24.009224057371785
41,poroto,1600,1900,660,462,128,800,28.124626959234202,53.68716957399755,13.502332540449173,5.959851849771988,24.582442670513743,3.358073710025063,25.6614267185331
41,poroto,1600,1900,660,462,128,650,24.385635799605538,79.18927487089896,16.17611356245416,6.507382737463157,19.889821042157067,5.073250162526234,24.788906761970694
41,poroto,1600,1900,660,462,128,500,29.911019838011022,77.83365948552432,15.072516992222152,6.824234261493006,19.070359485944923,4.819810878985836,26.584698969797245
41,poroto,1600,1900,660,462,128,200,26.107460760337133,59.33777445330249,14.221594417278892,5.583712934736757,17.509478418721958,6.690932840362565,25.09232926031805
41,poroto,1600,1900,660,462,128,650,24.38647727916655,41.77545374525642,14.019498178633755,5.145096771948146,14.76228878859394,4.623690851219468,25.094707842734064
42,poroto,800,2850,330,370,85,950,26.537764240225798,60.86702848776348,10.521924519529623,5.612549299414939,18.15553786227132,5.81430154906347,25.542454866225086
42,poroto,800,2850,330,370,85,650,28.14684842966446,56.78451710723867,14.306658753601871,6.176413405395816,19.610219346518168,2.761195391972524,25.32710574656138
42,poroto,800,2850,330,370,85,650,20.57286083699512,46.377508615565944,8.976508300959852,6.142071940357651,23.180646313611753,5.093784673647183,26.56702124101878
42,poroto,800,2850,330,370,85,500,21.721537139917753,77.07555932408928,10.729969407718,6.453640435351415,20.27972123820021,7.324535320879442,25.77518839527199
42,poroto,800,2850,330,370,85,950,28.071050169337184,50.87421720158991,15.828205566236793,5.179960732259011,17.001100843689027,5.139335877425793,25.920365059030356
42,poroto,800,2850,330,370,85,200,29.47763247370323,73.62532116495541,12.297513005340829,5.555295688644742,19.67107953261111,2.7341382404351533,24.153184145096894
42,poroto,800,2850,330,370,85,200,25.81316386851638,45.71969655349748,13.325122966762043,6.054689435126798,15.639547074881294,3.9143408762586045,25.869881170362813
42,poroto,800,2850,330,370,85,350,24.158300115068577,77.00042739992529,15.36446609145136,6.501533037142606,19.21642983066194,5.4307879419170755,23.901078822391206
42,poroto,800,2850,330,370,85,650,24.36044810037495,49.52840884191188,15.97067830899311,5.244940778906288,17.4035578753483,3.7077294615082446,25.196926256069034
42,poroto,800,2850,330,370,85,800,21.451607330040837,49.7329780699971,11.566324959083847,6.10655595616063,21.353415159866035,4.956456680950011,25.575153247266314
43,poroto,2400,2350,660,462,85,650,21.764429093850413,50.041409253729874,15.591793525327489,5.556230705844946,17.794747161417426,6.057058829287473,24.07954951364673
43,poroto,2400,2350,660,462,85,350,27.929138045133858,68.0072742831316,15.803555474128167,5.344931258748229,22.777426187907004,3.1676971966274667,23.94454866173575
43,poroto,2400,2350,660,462,85,350,24.074298027138923,48.3885242182276,12.44109179462193,4.790035066324212,20.75208696430315,4.71339257118887,24.68473801159637
43,poroto,2400,2350,660,462,85,200,21.742563222885828,42.29250723019085,9.689611222410397,5.680966372081249,24.913525896787093,5.585522213284642,22.872957111816387
43,poroto,2400,2350,660,462,85,800,25.11266574770307,79.78218954292522,13.100810115663307,5.603288323413258,18.03727192341487,4.06957364382229,25.13697623751819
43,poroto,2400,2350,660,462,85,200,24.745651015921684,69.94213370976064,10.824059312244437,5.722605894694443,19.566142725240883,6.472855149419719,25.058939817312076
43,poroto,2400,2350,660,462,85,350,28.557992756383555,73.69044118864957,14.209378080829007,6.947042983189301,18.63605951640707,6.191896473547427,24.806607116249435
43,poroto,2400,2350,660,462,85,650,27.160043263656185,77.83780734268205,16.583329922429563,5.911311938643142,14.187079219579623,6.170829927434846,24.018942590482013
43,poroto,2400,2350,660,462,85,800,20.98009938921583,76.05196040682094,13.899466265378319,5.9499233473257975,23.77733999514881,5.028613715239413,25.104029698237216
43,poroto,2400,2350,660,462,85,950,28.224351903638038,65.47771000363532,11.233994210510582,5.432261550483148,18.380157662212554,2.8934093457834082,26.776445448958867
44,poroto,800,950,220,370,213,200,21.414787683218616,71.05854504818146,8.211540037599402,6.269045558397395,18.171986385418528,4.099028434208679,24.444972393389104
44,poroto,800,950,220,370,213,650,28.6359173693913,50.792223539823155,11.540890675641688,5.765545762697097,12.789979103645418,4.9524090407762635,23.72013336720208
44,poroto,800,950,220,370,213,200,24.23604644603878,71.63834561806647,12.157813511883301,6.197536202455707,23.55299404376601,4.411771256874946,25.30791303676647
44,poroto,800,950,220,370,213,350,24.681311461768445,67.90345887506646,13.572331539564868,5.67031990004105,18.506208712651986,4.480891478465474,25.84622091844137
44,poroto,800,950,220,370,213,950,28.68449786867824,42.05527973915828,19.612450206592424,5.860641987837205,18.270161851016407,5.040740689838112,23.792792707647163
44,poroto,800,950,220,370,213,950,23.780770201151167,61.41676639720964,11.782060414183734,6.254704347227129,18.239279607979483,5.2324358371318045,25.65438660769802
44,poroto,800,950,220,370,213,650,27.411844856731342,57.52827712963799,10.87241762740257,6.947703295524848,19.468543563631165,6.966589179178394,24.417244375561502
44,poroto,800,950,220,370,213,800,28.38390536364833,62.29612186731123,13.97526211455164,5.763039892253116,19.917365867223424,3.998983468742802,26.66543367722306
44,poroto,800,950,220,370,213,950,28.206583926980194,68.56074953589996,14.950991859842299,6.27668556497409,24.10791017072646,2.3705769644072805,25.24968294916344
44,poroto,800,950,220,370,213,650,24.852100947712557,59.677962285799865,11.881682234463732,4.954717279170788,15.517557858231136,6.659557092336697,26.366833051416993
45,poroto,800,950,440,555,85,350,29.38826548166646,52.27810226649141,13.528517248655756,5.83486661977217,17.94103065609457,6.008201894240046,23.736177550693508
45,poroto,800,950,440,555,85,200,26.366828523649005,75.12870440991725,10.677037323420242,5.958139585030245,25.363469764322236,1.9814336760091424,24.681325925434592
45,poroto,800,950,440,555,85,500,26.90156443101518,57.306045143383294,12.629795948178572,5.090486626371116,19.198082317014023,2.6686411864757598,23.11004232051609
45,poroto,800,950,440,555,85,800,20.55266237065426,68.66297703989993,10.8508466139429,5.634968952480462,18.983885203786066,5.93627252117882,25.104575070868318
45,poroto,800,950,440,555,85,650,28.96395367429451,72.06805005975502,13.176671129846294,5.601082260757473,18.730322497925666,5.71672824391519,26.04807680713371
45,poroto,800,950,440,555,85,950,23.564900463068017,50.93557261371675,13.747831193349885,5.993511295820811,15.045889472159926,3.641705400271423,24.886372054305326
45,poroto,800,950,440,555,85,650,21.93718697223914,71.98372329770123,16.262646667481587,6.1629527101769455,22.592083990240553,5.197562616149437,22.53191318373213
45,poroto,800,950,440,555,85,200,25.115872235631546,72.45258791283386,13.458696191446158,5.393907838659596,17.76302017976374,7.417535379781457,24.407258092718294
45,poroto,800,950,440,555,85,650,21.535064373523117,51.607817618380324,17.766274490264095,5.736119230406472,20.482829311947572,4.055615353372551,24.833099910407956
45,poroto,800,950,440,555,85,500,21.581131289158517,52.7451491792157,10.089917573887789,5.873264819027422,16.392873732654447,3.763663362302343,25.95826562228641
46,poroto,2400,1900,550,462,128,650,21.747250701981578,72.063746382293,13.393979716271566,6.851566725828573,19.392885539746466,5.901054255056101,27.18914213326603
46,poroto,2400,1900,550,462,128,500,27.998126697959158,71.18284928285375,12.42811800527255,5.389053542768797,20.981618478337083,5.901474770940379,23.952469952977452
46,poroto,2400,1900,550,462,128,500,21.335449177984806,68.80792033387797,16.06602637807694,5.174475419988865,21.785840658651423,5.050316034477529,24.699334771912646
46,poroto,2400,1900,550,462,128,650,27.013392439902987,67.20007012303377,12.10027969896332,6.4771504273208595,17.263225256001157,4.108817680905217,23.179602981219393
46,poroto,2400,1900,550,462,128,200,29.703428118684396,48.96196728811843,15.219504620648731,5.46555319376065,19.23951959537584,4.7002203400146705,24.22275760627938
46,poroto,2400,1900,550,462,128,200,25.30557926891721,44.79369881534425,16.14306141340056,4.568474542334733,21.26809395839725,3.569771322528167,23.2873111913765
46,poroto,2400,1900,550,462,128,200,23.8318736982178,42.199055387716975,9.950269506354765,6.098441825682445,21.09546545813833,5.308201253291395,25.503135078939497
46,poroto,2400,1900,550,462,128,200,25.7936050945738,60.50436135956054,11.82601375844436,6.1105895147906635,23.074575356365862,5.123560806114145,25.594660708111984
46,poroto,2400,1900,550,462,128,800,29.954569793255246,52.232016129700085,15.656568924366056,5.689567929923818,22.33660314618958,5.01885033392345,25.321361076710698
46,poroto,2400,1900,550,462,128,650,23.167873039050523,58.49919910164637,12.557992867197617,6.381147017560858,19.632504928942968,5.509902906791643,24.040510163642484
47,poroto,2000,2850,550,555,170,200,22.82150053113314,46.98395070726183,10.255900444840291,6.503191763384219,21.143828676014923,6.591455594690573,25.763826120581676
47,poroto,2000,2850,550,555,170,650,20.07486181653004,62.70658508772343,10.178508690626096,6.623759201768867,17.35357481292442,4.6702931881824785,26.78281050775395
47,poroto,2000,2850,550,555,170,350,29.653099793123854,75.40333677829936,13.870228452698903,6.290210605547806,12.913097264894635,4.946945915890739,24.949026838124265
47,poroto,2000,2850,550,555,170,200,22.910865108136214,73.25833508877773,12.890788337190262,6.263707837157521,22.089126400820234,5.7809479687754735,24.759858391548548
47,poroto,2000,2850,550,555,170,350,23.841975926765667,43.492486273571124,15.575088962980107,5.2874285679858914,19.65324168288303,4.475647184966289,27.781199561860902
47,poroto,2000,2850,550,555,170,800,23.2685543018888,74.56398053850647,13.517494837624469,6.136295674507548,18.326097606415406,5.2229432317817635,24.037207246419133
47,poroto,2000,2850,550,555,170,500,20.833648384078522,55.46138959034377,12.460507696068259,6.051496851821006,21.416643346316256,5.385822360561206,25.786522493208757
47,poroto,2000,2850,550,555,170,800,23.536693654240946,44.95463288955155,15.667792032890587,6.225598209474858,23.265157000010554,5.0550122364566,25.329734780197775
47,poroto,2000,2850,550,555,170,650,23.409375494509227,45.58920465476003,13.271009548665834,7.177963300899727,19.923575575399436,4.472243386668944,25.604458379448072
47,poroto,2000,2850,550,555,170,350,22.058529789317646,64.2741622214802,11.200731765095675,7.253654504761906,16.16382531271215,5.183129731522239,25.38647022912468
48,poroto,1200,2350,440,370,213,950,20.245944145161808,60.81306062405656,12.148124437123222,6.184771490615177,18.107679793223706,5.258569482245523,25.174720591365563
48,poroto,1200,2350,440,370,213,200,21.214172424145108,53.63158024311003,13.597900143240096,7.025144555539605,17.574825932586748,6.632638232986259,26.775521511905218
48,poroto,1200,2350,440,370,213,650,24.264065096828038,48.97889994343633,12.278399047169149,5.633143079545009,15.196170905966598,4.592611353964987,25.118379974315644
48,poroto,1200,2350,440,370,213,200,28.26394867628568,46.75524678320454,11.235849243964461,5.723888219528214,21.09831541194407,4.834345305913619,24.70944483888498
48,poroto,1200,2350,440,370,213,350,28.37044027418459,62.27298828201623,10.837936859988108,6.033637973516492,20.522709064916473,4.614043130078558,22.676099624095293
48,poroto,1200,2350,440,370,213,200,24.542299942217852,46.12521603173849,11.164534697235451,5.695796743218572,21.995151365913937,4.640059200138087,24.108047366598985
48,poroto,1200,2350,440,370,213,650,26.05881985834608,45.2751885612504,13.036447514143184,5.6354259767975385,15.943711484348157,5.080033748132864,25.704465922130066
48,poroto,1200,2350,440,370,213,800,27.276829633054703,44.92471988676528,12.203574504620745,5.139781967357341,19.661489695170125,3.937153599262292,25.006367960464164
48,poroto,1200,2350,440,370,213,500,22.40208982111249,43.83859235711156,11.74760511689814,5.788766658627902,20.994275140763513,4.95319419050572,26.76955845676848
48,poroto,1200,2350,440,370,213,200,25.145023266729513,67.8785667166999,11.080296305150046,6.582915490351958,20.8456113307078,5.650659968674015,24.344076623028304
49,poroto,1600,1400,550,462,255,650,24.710506231472873,79.65877340255048,13.729302826881714,6.429851019234396,20.749137918642365,1.4180820737569042,26.732700490921943
49,poroto,1600,1400,550,462,255,950,22.313528634681475,58.45476737297122,10.358879145040872,6.942008021239516,20.418097770054825,3.9675880456370334,24.995749190980277
49,poroto,1600,1400,550,462,255,950,24.98098355119409,58.37760751127725,14.413559147128106,6.298051800325425,19.082419539179078,2.288654047246306,24.921570693390393
49,poroto,1600,1400,550,462,255,350,24.52835556630976,63.231389307530705,12.609147325042342,6.976087621359728,19.786231337541622,4.612259375095392,23.81892540478424
49,poroto,1600,1400,550,462,255,200,24.740123229161533,77.78696799738113,13.960561898051827,6.215929998195001,19.137566978293815,5.422966741544345,24.956983625271697
49,poroto,1600,1400,550,462,255,950,24.24514479349245,52.78122132442185,13.90081083854028,6.768698550448925,19.39361741128812,3.4917360199281866,24.39096101258986
49,poroto,1600,1400,550,462,255,200,27.12129900726305,78.93628897204098,14.023793108830443,5.4953162473816874,21.495627907276965,2.4300818219754876,26.98436096276818
49,poroto,1600,1400,550,462,255,800,21.66752252199941,70.1311943787569,13.211673959698915,6.883239823342977,16.688779814570037,4.6175918386539845,26.704991775727528
49,poroto,1600,1400,550,462,255,500,21.953823628008497,59.018202547717706,12.228249066750502,5.759496258584202,14.160478081616565,3.9625363696885603,26.086186270313018
49,poroto,1600,1400,550,462,255,350,29.345899534283244,47.67558018179608,18.39776954077287,6.643005495950531,20.22539062827381,4.723161386182748,25.288343723015203
50,poroto,1200,950,660,185,255,500,26.97480861284609,61.17399686611145,11.021210067409086,6.447036309815402,18.3917212540411,5.018515465602527,24.123414700761085
50,poroto,1200,950,660,185,255,800,28.91638755617547,41.703995517901326,13.163572047791858,5.6761098858361185,21.62043385708901,6.0619865369794645,25.13114601344476
50,poroto,1200,950,660,185,255,500,26.65178428077508,57.309104416779824,13.71220899553123,5.2311181083949005,23.124510655264036,4.038882952109697,23.675536742930433
50,poroto,1200,950,660,185,255,800,26.677564144910995,63.7362089579203,15.407032152211444,6.144304121602456,22.048776938761034,3.445397191903793,23.96765351098056
50,poroto,1200,950,660,185,255,950,28.761329735326782,64.93884800197824,11.76281616683122,5.4926637439270705,19.263174640576718,6.367911910122893,25.94051150430072
50,poroto,1200,950,660,185,255,200,21.256548338641014,60.795400769561525,12.659257800085276,5.1708306490860885,18.083764781024332,6.2416411149134365,24.52456047178555
50,poroto,1200,950,660,185,255,200,23.82397610320079,53.841296344267825,12.207534665612389,6.688309590279698,18.989584636337963,4.6257174743257865,23.031466541268728
50,poroto,1200,950,660,185,255,650,21.84085797902904,48.56253416259543,10.54745322504428,6.258684574885243,17.63994548819828,5.414054988902433,24.55187399107169
50,poroto,1200,950,660,185,255,950,21.008375946499974,63.20051957942964,13.737939902953052,5.328325130466332,19.106467548744945,4.629968977641726,23.685141135525974
50,poroto,1200,950,660,185,255,500,21.76302137499052,45.643516536210306,11.586435885602619,6.2479391566572895,17.418312984194586,5.333988354311588,22.068013535782033
51,poroto,1200,1400,550,555,255,800,24.05144901512962,50.746674558633444,14.104529058614837,6.1111117958073935,19.44674030973677,3.130990727667303,25.554310352719803
51,poroto,1200,1400,550,555,255,950,25.39439127994961,45.670645354352615,10.846417482138168,5.939336823970568,17.526528012759982,4.394099497363444,25.027358689049358
51,poroto,1200,1400,550,555,255,350,27.18602587645477,75.30666854388184,11.285248795083449,6.794383425399965,21.847823257080194,2.9678122911293476,27.00787941180198
51,poroto,1200,1400,550,555,255,350,29.69369109159595,54.879702827766465,12.243836103140133,6.59862388333998,18.81195228537722,5.7253992632963415,23.970781480584417
51,poroto,1200,1400,550,555,255,500,23.15566433396306,64.41080689285606,10.133405655004502,6.252032079666983,19.804273011821767,5.668634194889235,26.740724535282883
51,poroto,1200,1400,550,555,255,950,23.29539035655522,79.37120690848266,14.509763152378971,6.797344284547046,18.742667816632316,4.318771729771976,24.43391587648643
51,poroto,1200,1400,550,555,255,800,25.73987441778336,64.10039241627962,15.607350864907342,6.213340574261639,19.737185687651642,6.252021107299025,24.17103875555651
51,poroto,1200,1400,550,555,255,350,23.188138414306465,60.03837045954144,12.63514727195398,6.087630519455495,18.74583672178514,5.789413885989054,23.489821262224368
51,poroto,1200,1400,550,555,255,650,22.795438196280024,62.7231188552895,14.84916257132451,5.429645320566207,17.493126086740794,4.63239664425322,25.490453152015913
51,poroto,1200,1400,550,555,255,950,25.63086311900497,56.59058514832855,9.360502091735201,5.6784160761406355,19.06701335273312,6.84257098875168,24.242163813011572
52,poroto,1200,1400,660,185,128,800,26.727797089745614,64.78865080390264,10.381536913122655,5.50585823462915,20.039572220960412,5.358424984279382,26.179650308470897
52,poroto,1200,1400,660,185,128,950,29.638171753260714,67.15574852511378,15.139290107489753,5.469703451342129,21.12103278091709,4.086497115921122,25.87104863313997
52,poroto,1200,1400,660,185,128,950,23.20698554874526,62.946818716148215,10.571029017192437,4.735466995344914,15.84960506865392,4.195117214245541,23.535782536860157
52,poroto,1200,1400,660,185,128,950,23.84715625795907,76.71476509545305,12.720684697782861,7.485484655675571,21.790437453046092,3.7549791939409425,25.00228284428897
52,poroto,1200,1400,660,185,128,650,24.460123001164106,53.053997527336136,13.99758476262736,6.497652450655462,20.32822418955496,5.117607159116914,23.800068776418527
52,poroto,1200,1400,660,185,128,500,23.111137337686905,56.77480984720732,13.839793708861892,5.2084705507773394,20.415398289574362,4.142034213626198,24.13585111784879
52,poroto,1200,1400,660,185,128,800,27.74105743008085,66.80959853462724,15.849370180143266,5.434769163763431,17.466763929875643,3.9187286658069516,25.918650243605065
52,poroto,1200,1400,660,185,128,800,23.791804135339145,57.464357922880524,12.227531127231877,6.398362549772896,15.29223379679248,5.095792260314132,23.450367516754216
52,poroto,1200,1400,660,185,128,350,27.789013708272876,73.08545010991585,14.94634754202894,4.317433958162242,18.327127833453044,4.506516432900347,24.22957576851777
52,poroto,1200,1400,660,185,128,800,21.29941093216567,79.73255700318012,11.120157487114607,5.691610339790733,16.66197005140275,6.274708706236779,24.3516082876275
53,poroto,1600,2850,440,555,128,500,26.483847594515364,43.650173726538114,17.13627734736738,5.269221521187537,15.254798326103112,3.805118289099671,24.96530517429091
53,poroto,1600,2850,440,555,128,200,22.936330724433,59.95983128406315,10.481883951951044,5.6688277308950905,16.762803386782544,4.293935340745338,25.817024343592074
53,poroto,1600,2850,440,555,128,950,20.75211249236397,69.15920991458017,16.008524120883827,4.521174182011338,14.381977369078594,4.765381359867797,25.36667667683883
53,poroto,1600,2850,440,555,128,200,29.197310029868536,46.913830441397835,12.821687343135913,4.625053364423273,17.84040427776785,6.324296739033661,24.947938474611124
53,poroto,1600,2850,440,555,128,500,26.557988889793936,75.78658605929078,11.508230609560728,6.8544826101849,23.663088466037266,6.3867367476382935,24.0441247105632
53,poroto,1600,2850,440,555,128,800,25.047159699985677,48.753802601945466,11.070582044262304,5.932182493392025,18.917132529924515,8.105979679748526,25.826131017840897
53,poroto,1600,2850,440,555,128,350,25.457814574594583,41.47738920200543,16.002936129179734,5.980509676538362,20.061209484679683,4.5948430819715265,24.213420341327808
53,poroto,1600,2850,440,555,128,200,23.772269097359082,52.89068606809634,13.375630962536167,6.394251078558285,19.50872290106452,6.172369627423074,25.64089617957277
53,poroto,1600,2850,440,555,128,650,27.509912932779276,61.433923010487604,13.915586814334072,5.782715026143819,20.993765190276044,4.76229586095249,27.557887497025117
53,poroto,1600,2850,440,555,128,950,26.643478491375816,50.68146470740281,10.753776793330003,5.342841622012467,13.97835253265043,5.1816621271567325,25.162394807727456
54,poroto,1200,1400,440,185,255,650,23.38376275739335,63.26354911632592,8.255088760484679,5.516947317471637,19.77921410502474,4.066295046012119,23.20778191217304
54,poroto,1200,1400,440,185,255,950,27.52554276658008,70.00949752304294,11.963408824877174,5.52577304933331,20.601164628131766,2.6274331937886366,25.742339557050773
54,poroto,1200,1400,440,185,255,500,28.953025834971108,48.35764567205078,11.398107167843499,5.459738623199922,19.644492501569125,5.917608433404703,23.478540273844644
54,poroto,1200,1400,440,185,255,200,28.588776101255032,54.58975976077129,15.895978517924608,5.277727756853299,18.63129315163333,4.049994551946799,24.930867345756226
54,poroto,1200,1400,440,185,255,950,20.949426963629744,62.60341216834044,11.636993937299541,6.074007530027599,19.982659418119457,6.509898738389087,25.230953231362864
54,poroto,1200,1400,440,185,255,500,29.40810913697703,66.69412860849903,13.817112874184177,5.221025214822002,18.99182469264705,3.7603731325095424,23.77163668433741
54,poroto,1200,1400,440,185,255,800,22.345411640378977,75.5633968492736,13.199301383550498,5.91086384559786,20.98390448510162,4.346548361929713,25.71190177511686
54,poroto,1200,1400,440,185,255,500,23.280204512610215,67.76596934424386,18.642204984360866,5.551529549852434,17.518751084313664,6.320555534745461,24.449491516282695
54,poroto,1200,1400,440,185,255,350,23.784257403535094,54.718671258758135,12.663872391254056,5.627403208615204,18.03564852141269,6.726427845508384,25.25699576404455
54,poroto,1200,1400,440,185,255,800,25.93520352799486,51.5421030094454,9.651799454983054,4.820658197494726,18.01450083144837,5.355574243810072,23.37978837209447
55,poroto,800,1900,220,462,85,200,28.521333672335537,54.81411057606344,10.520047966593967,5.1930121634891595,18.991501785667133,5.527701301863118,27.070278689710495
55,poroto,800,1900,220,462,85,650,20.325361361599832,71.71888724257408,14.184208793450265,6.702011128073661,20.41565234796537,5.247605718645032,26.239419970327624
55,poroto,800,1900,220,462,85,800,29.716814766450135,66.19653080818554,16.574059458578432,5.291639142286277,18.763140524085394,5.270678102072215,25.66422956631634
55,poroto,800,1900,220,462,85,800,27.844477823526653,58.64445446242895,14.116681378524014,4.6767557357374,19.351571577757166,5.553168400709564,24.97593034316694
55,poroto,800,1900,220,462,85,500,20.897960091652756,49.843009446218346,13.673100201643036,4.640921640397783,21.281381884891076,4.103676023919936,25.181476304325685
55,poroto,800,1900,220,462,85,650,25.381008734241018,40.31443626336571,12.740619488278679,6.372622319742657,21.73833746181268,4.7244072385335505,26.205042162545663
55,poroto,800,1900,220,462,85,950,23.277802226214163,49.49357847262252,13.3127124660715,6.767766508678426,18.026160178685043,5.6104816934328605,24.740880307855583
55,poroto,800,1900,220,462,85,500,24.692787517047854,61.192180028904446,12.734230432277215,6.29876677989693,19.589471306082963,5.94024051369846,25.048308592062032
55,poroto,800,1900,220,462,85,950,29.36363933792446,43.6876851271759,17.26536911137635,5.263888799315352,17.786942143933327,6.097658070601512,25.19940013798179
55,poroto,800,1900,220,462,85,650,24.82608609497663,57.04903423155932,12.358095155918678,4.25488220958225,20.435457894044546,5.929271311147446,22.921798896141865
56,poroto,2400,1400,440,370,213,350,27.42126408226808,65.69557601537181,11.176602928376077,6.072761096266525,18.693332804076405,4.3897959607965875,24.578581957728858
56,poroto,2400,1400,440,370,213,950,24.893284067347032,56.72281481816997,12.010340901571077,5.189666702691473,19.160656053189257,5.957259834547854,24.741086031469536
56,poroto,2400,1400,440,370,213,650,27.66355560793537,49.30747913613751,14.080552300171245,6.686325402832968,18.889468743911596,6.5392872962457425,24.970241731609395
56,poroto,2400,1400,440,370,213,800,23.41975611419718,45.14609737959542,10.04504978744474,6.259532074917895,19.09921967426846,6.356779623350101,24.186502664997853
56,poroto,2400,1400,440,370,213,650,20.961522475899336,46.467915903072964,11.358341451120433,6.2751211106942195,18.600908347783882,4.743981157115973,25.60894429992707
56,poroto,2400,1400,440,370,213,200,20.28783675660724,68.33931485772138,11.864078326932782,5.909673991695789,19.525378014002246,6.142979367332973,23.12118460195678
56,poroto,2400,1400,440,370,213,650,28.248760219990054,56.61913376777066,14.740119249024168,6.790042777982054,15.77197577229856,4.175088283431593,25.72463739217314
56,poroto,2400,1400,440,370,213,800,24.16036874000645,66.24108529004283,12.8437759494573,5.116228481743898,20.4395382711248,3.5801816337694063,26.00236633834712
56,poroto,2400,1400,440,370,213,650,24.840254379678775,66.81403806282414,11.520648757370564,6.21379139094656,19.232190073050187,3.81039814883302,23.565900022465655
56,poroto,2400,1400,440,370,213,950,22.725671369371046,52.422091582017984,9.699863262645394,5.165681990773178,17.243160071109116,4.673400274216981,23.323382286355134
57,poroto,2400,1400,550,462,128,650,22.674477880079877,52.867450581450115,13.928769325568682,5.525606524067702,18.863628986936593,3.703723403094102,26.498829295813408
57,poroto,2400,1400,550,462,128,500,23.094195923631954,56.30116833315138,12.556946618196752,3.807579886407754,19.097012359397013,4.670072888153978,25.25402991874697
57,poroto,2400,1400,550,462,128,350,29.297997914674138,45.20101512097583,15.403638059369483,5.697921525103178,22.31327799329356,6.0398356340461055,25.577710040972146
57,poroto,2400,1400,550,462,128,500,24.072778210929698,57.6409106651574,13.254215564207573,6.639120889865351,20.79207966727598,4.652900222737556,23.776169526351836
57,poroto,2400,1400,550,462,128,350,26.171717254575547,64.58034068769044,15.239455708762668,6.634107000683338,18.914216125946208,4.80743306500672,24.04156164601788
57,poroto,2400,1400,550,462,128,950,27.018886783418573,52.8832896471617,12.75488427041786,6.166105473796895,22.589913747347673,5.015645977491607,23.78739259236204
57,poroto,2400,1400,550,462,128,350,22.16266886835112,71.18112314732196,6.758442095406914,4.967013490666886,19.679438752641847,4.56579533007399,23.75217036771607
57,poroto,2400,1400,550,462,128,800,23.109416024971992,62.303789493177064,14.880350216514277,6.035639421488775,18.67385461432491,5.074825916569742,23.462519789955433
57,poroto,2400,1400,550,462,128,350,21.344224570861293,42.6682565463262,12.929743329484918,5.194884039610816,15.87932799502046,5.706155657980358,26.336688362260297
57,poroto,2400,1400,550,462,128,650,21.653401800344056,55.93681651215865,14.195474202962142,6.215310337956678,22.12349734770262,3.9411121344678692,25.04098299722706
58,poroto,800,2850,220,462,213,650,27.01184185129947,48.38415560340812,14.64911530558204,7.0421795328687935,15.560919590023222,4.499331436423246,24.224989010462476
58,poroto,800,2850,220,462,213,800,21.5711152353874,64.59727613171196,16.463560628480312,6.159450834054993,19.34256900195252,5.346828338617456,26.409978137488093
58,poroto,800,2850,220,462,213,200,28.480205544339256,66.52888919382704,12.363999432855229,5.133321899033455,18.53501081791863,5.711346290235927,23.638307168340177
58,poroto,800,2850,220,462,213,200,27.58202577477921,73.43098274767635,16.222792132782345,6.517775780403346,19.391015940365634,4.92261252748179,24.352766512376846
58,poroto,800,2850,220,462,213,800,27.68586833555869,73.58235353025503,12.604919690330911,6.595883585225878,17.38602457282969,5.603252593780959,26.224496684702327
58,poroto,800,2850,220,462,213,350,23.005129546784218,61.498334578641895,11.97085438865362,6.333141196278465,18.024209085963722,2.803126438123863,23.535996269420572
58,poroto,800,2850,220,462,213,350,20.33562574446614,53.087002127227585,11.560452111892983,6.116552984602633,16.868060748298713,6.7404016838759535,24.67228432806427
58,poroto,800,2850,220,462,213,200,26.845678154463506,66.06266730057567,11.38726739659346,5.840829013358014,17.393486726016445,4.783344712144598,27.144759507634586
58,poroto,800,2850,220,462,213,500,20.99036163626664,50.11611203691132,10.996324673240446,5.64483669054717,20.896553032086462,4.830969603870999,22.994180370564724
58,poroto,800,2850,220,462,213,650,25.72379932528487,61.900681041837146,10.403704465204171,5.995369295223963,19.949324915846073,5.92328390145056,24.12111256457524
59,poroto,2400,950,660,277,170,800,22.764252692221305,63.906010248199344,11.862503344123626,5.77757463647539,20.69258417844319,4.638217132551181,25.240836394335368
59,poroto,2400,950,660,277,170,350,27.88249034826415,70.67923544962152,11.993956223291033,5.580485016898533,18.77550298615846,5.908993004141527,25.54819548833907
59,poroto,2400,950,660,277,170,200,23.274522955750516,45.31110051525389,11.562929671757358,5.161637640910025,23.358638885206997,6.771187953198533,25.34148719276415
59,poroto,2400,950,660,277,170,350,27.198092826902545,44.6418410067946,12.618551280003375,5.483186392609784,16.194590901547954,4.497016567224275,24.942898929343652
59,poroto,2400,950,660,277,170,350,24.361544679029855,74.92178996881633,10.674766634000376,5.840849376464178,20.41719871180669,5.739838789135908,25.81445995696563
59,poroto,2400,950,660,277,170,350,25.990523137484743,43.259830750166245,14.396774793889884,5.857991813597856,21.973731217861207,4.005202872093001,24.65191381965362
59,poroto,2400,950,660,277,170,500,26.99007437157843,47.882042198626436,13.195501575623178,5.9221680001129045,14.53437770847621,6.581663840854258,23.547293420400635
59,poroto,2400,950,660,277,170,800,26.874659920196784,59.194912880092716,11.458040132692394,5.723988877482588,25.639035839343713,5.398123629512119,27.754548755823567
59,poroto,2400,950,660,277,170,500,22.6116646310995,73.04610523200546,13.012817358064469,6.004098569459687,20.7897752125776,6.544072721537156,24.358507311021203
59,poroto,2400,950,660,277,170,950,25.228606557401687,52.05621686882092,11.864288740741362,5.2923998234836676,18.981599668148313,6.121775913249509,25.638447249533307
60,poroto,2000,950,330,185,213,200,26.67903927696685,45.02207362817702,12.433471504907908,6.383043781943112,18.55722306915952,4.208040387542842,26.17268097248014
60,poroto,2000,950,330,185,213,650,22.61478875790276,78.71957161320549,10.013593899143613,5.1216847070130695,20.682386762079997,4.927161008420535,24.051844626240726
60,poroto,2000,950,330,185,213,950,27.575428066398977,49.91667134581446,13.839945434750513,4.625710090572935,19.398661445383393,7.378839652409406,25.49030537305345
60,poroto,2000,950,330,185,213,500,26.25829649493343,40.74318309849743,16.267472880811603,5.7355151924759,18.439758731225655,6.208206835537991,25.725072346991816
60,poroto,2000,950,330,185,213,500,25.55260816660727,70.80708669940053,12.644093416917334,4.625937126825811,20.25049837793376,5.290516684083066,22.853928644632987
60,poroto,2000,950,330,185,213,350,27.664215944205743,53.04288054250946,14.415058583528767,5.049126046491935,17.70661162581428,4.178767014889069,25.782100379358056
60,poroto,2000,950,330,185,213,500,28.771910388255712,74.9675567787121,15.914015106404268,5.292479063708656,22.31866568005193,4.763057645019018,26.75561999744997
60,poroto,2000,950,330,185,213,650,27.745921250185585,63.20372729817976,13.60757867035839,6.261727618381829,19.7888622869355,1.6336339661701245,23.588042626842906
60,poroto,2000,950,330,185,213,800,26.13303019268415,49.001877567589716,13.511449206752923,6.4616878860289715,17.833996889669226,3.7201179548745786,24.18520193914289
60,poroto,2000,950,330,185,213,350,24.404479218814824,64.58520978184112,10.15296977546884,5.606299830318512,25.474406684055126,6.14582959140308,26.338749217295902
